<?xml version="1.0" encoding="UTF-8"?>
<spirit:component xmlns:xilinx="http://www.xilinx.com" xmlns:spirit="http://www.spiritconsortium.org/XMLSchema/SPIRIT/1685-2009" xmlns:xsi="http://www.w3.org/2001/XMLSchema-instance">
  <spirit:vendor>user.org</spirit:vendor>
  <spirit:library>customized_ip</spirit:library>
  <spirit:name>lpsc_mandelbrot_calculator_0</spirit:name>
  <spirit:version>1.0</spirit:version>
  <spirit:busInterfaces>
    <spirit:busInterface>
      <spirit:name>rst</spirit:name>
      <spirit:busType spirit:vendor="xilinx.com" spirit:library="signal" spirit:name="reset" spirit:version="1.0"/>
      <spirit:abstractionType spirit:vendor="xilinx.com" spirit:library="signal" spirit:name="reset_rtl" spirit:version="1.0"/>
      <spirit:slave/>
      <spirit:portMaps>
        <spirit:portMap>
          <spirit:logicalPort>
            <spirit:name>RST</spirit:name>
          </spirit:logicalPort>
          <spirit:physicalPort>
            <spirit:name>rst</spirit:name>
          </spirit:physicalPort>
        </spirit:portMap>
      </spirit:portMaps>
      <spirit:parameters>
        <spirit:parameter>
          <spirit:name>POLARITY</spirit:name>
          <spirit:value spirit:resolve="generated" spirit:id="BUSIFPARAM_VALUE.RST.POLARITY">ACTIVE_LOW</spirit:value>
          <spirit:vendorExtensions>
            <xilinx:parameterInfo>
              <xilinx:parameterUsage>none</xilinx:parameterUsage>
            </xilinx:parameterInfo>
          </spirit:vendorExtensions>
        </spirit:parameter>
        <spirit:parameter>
          <spirit:name>INSERT_VIP</spirit:name>
          <spirit:value spirit:format="long" spirit:resolve="user" spirit:id="BUSIFPARAM_VALUE.RST.INSERT_VIP">0</spirit:value>
          <spirit:vendorExtensions>
            <xilinx:parameterInfo>
              <xilinx:parameterUsage>simulation.rtl</xilinx:parameterUsage>
            </xilinx:parameterInfo>
          </spirit:vendorExtensions>
        </spirit:parameter>
      </spirit:parameters>
    </spirit:busInterface>
    <spirit:busInterface>
      <spirit:name>clk</spirit:name>
      <spirit:busType spirit:vendor="xilinx.com" spirit:library="signal" spirit:name="clock" spirit:version="1.0"/>
      <spirit:abstractionType spirit:vendor="xilinx.com" spirit:library="signal" spirit:name="clock_rtl" spirit:version="1.0"/>
      <spirit:slave/>
      <spirit:portMaps>
        <spirit:portMap>
          <spirit:logicalPort>
            <spirit:name>CLK</spirit:name>
          </spirit:logicalPort>
          <spirit:physicalPort>
            <spirit:name>clk</spirit:name>
          </spirit:physicalPort>
        </spirit:portMap>
      </spirit:portMaps>
      <spirit:parameters>
        <spirit:parameter>
          <spirit:name>ASSOCIATED_RESET</spirit:name>
          <spirit:value spirit:id="BUSIFPARAM_VALUE.CLK.ASSOCIATED_RESET">rst</spirit:value>
        </spirit:parameter>
        <spirit:parameter>
          <spirit:name>FREQ_HZ</spirit:name>
          <spirit:value spirit:format="long" spirit:resolve="generated" spirit:id="BUSIFPARAM_VALUE.CLK.FREQ_HZ">100000000</spirit:value>
          <spirit:vendorExtensions>
            <xilinx:parameterInfo>
              <xilinx:parameterUsage>none</xilinx:parameterUsage>
            </xilinx:parameterInfo>
          </spirit:vendorExtensions>
        </spirit:parameter>
        <spirit:parameter>
          <spirit:name>FREQ_TOLERANCE_HZ</spirit:name>
          <spirit:value spirit:format="long" spirit:resolve="generated" spirit:id="BUSIFPARAM_VALUE.CLK.FREQ_TOLERANCE_HZ">0</spirit:value>
          <spirit:vendorExtensions>
            <xilinx:parameterInfo>
              <xilinx:parameterUsage>none</xilinx:parameterUsage>
            </xilinx:parameterInfo>
          </spirit:vendorExtensions>
        </spirit:parameter>
        <spirit:parameter>
          <spirit:name>PHASE</spirit:name>
          <spirit:value spirit:format="float" spirit:resolve="generated" spirit:id="BUSIFPARAM_VALUE.CLK.PHASE">0.0</spirit:value>
          <spirit:vendorExtensions>
            <xilinx:parameterInfo>
              <xilinx:parameterUsage>none</xilinx:parameterUsage>
            </xilinx:parameterInfo>
          </spirit:vendorExtensions>
        </spirit:parameter>
        <spirit:parameter>
          <spirit:name>CLK_DOMAIN</spirit:name>
          <spirit:value spirit:resolve="generated" spirit:id="BUSIFPARAM_VALUE.CLK.CLK_DOMAIN"/>
          <spirit:vendorExtensions>
            <xilinx:parameterInfo>
              <xilinx:parameterUsage>none</xilinx:parameterUsage>
            </xilinx:parameterInfo>
          </spirit:vendorExtensions>
        </spirit:parameter>
        <spirit:parameter>
          <spirit:name>ASSOCIATED_BUSIF</spirit:name>
          <spirit:value spirit:resolve="generated" spirit:id="BUSIFPARAM_VALUE.CLK.ASSOCIATED_BUSIF"/>
          <spirit:vendorExtensions>
            <xilinx:parameterInfo>
              <xilinx:parameterUsage>none</xilinx:parameterUsage>
            </xilinx:parameterInfo>
          </spirit:vendorExtensions>
        </spirit:parameter>
        <spirit:parameter>
          <spirit:name>ASSOCIATED_PORT</spirit:name>
          <spirit:value spirit:resolve="generated" spirit:id="BUSIFPARAM_VALUE.CLK.ASSOCIATED_PORT"/>
          <spirit:vendorExtensions>
            <xilinx:parameterInfo>
              <xilinx:parameterUsage>none</xilinx:parameterUsage>
            </xilinx:parameterInfo>
          </spirit:vendorExtensions>
        </spirit:parameter>
        <spirit:parameter>
          <spirit:name>INSERT_VIP</spirit:name>
          <spirit:value spirit:format="long" spirit:resolve="user" spirit:id="BUSIFPARAM_VALUE.CLK.INSERT_VIP">0</spirit:value>
          <spirit:vendorExtensions>
            <xilinx:parameterInfo>
              <xilinx:parameterUsage>simulation.rtl</xilinx:parameterUsage>
            </xilinx:parameterInfo>
          </spirit:vendorExtensions>
        </spirit:parameter>
      </spirit:parameters>
    </spirit:busInterface>
    <spirit:busInterface>
      <spirit:name>ready</spirit:name>
      <spirit:busType spirit:vendor="xilinx.com" spirit:library="signal" spirit:name="data" spirit:version="1.0"/>
      <spirit:abstractionType spirit:vendor="xilinx.com" spirit:library="signal" spirit:name="data_rtl" spirit:version="1.0"/>
      <spirit:master/>
      <spirit:portMaps>
        <spirit:portMap>
          <spirit:logicalPort>
            <spirit:name>DATA</spirit:name>
          </spirit:logicalPort>
          <spirit:physicalPort>
            <spirit:name>ready</spirit:name>
          </spirit:physicalPort>
        </spirit:portMap>
      </spirit:portMaps>
      <spirit:parameters>
        <spirit:parameter>
          <spirit:name>LAYERED_METADATA</spirit:name>
          <spirit:value spirit:resolve="generated" spirit:id="BUSIFPARAM_VALUE.READY.LAYERED_METADATA">undef</spirit:value>
          <spirit:vendorExtensions>
            <xilinx:parameterInfo>
              <xilinx:parameterUsage>none</xilinx:parameterUsage>
            </xilinx:parameterInfo>
          </spirit:vendorExtensions>
        </spirit:parameter>
      </spirit:parameters>
    </spirit:busInterface>
    <spirit:busInterface>
      <spirit:name>start</spirit:name>
      <spirit:busType spirit:vendor="xilinx.com" spirit:library="signal" spirit:name="data" spirit:version="1.0"/>
      <spirit:abstractionType spirit:vendor="xilinx.com" spirit:library="signal" spirit:name="data_rtl" spirit:version="1.0"/>
      <spirit:slave/>
      <spirit:portMaps>
        <spirit:portMap>
          <spirit:logicalPort>
            <spirit:name>DATA</spirit:name>
          </spirit:logicalPort>
          <spirit:physicalPort>
            <spirit:name>start</spirit:name>
          </spirit:physicalPort>
        </spirit:portMap>
      </spirit:portMaps>
      <spirit:parameters>
        <spirit:parameter>
          <spirit:name>LAYERED_METADATA</spirit:name>
          <spirit:value spirit:resolve="generated" spirit:id="BUSIFPARAM_VALUE.START.LAYERED_METADATA">undef</spirit:value>
          <spirit:vendorExtensions>
            <xilinx:parameterInfo>
              <xilinx:parameterUsage>none</xilinx:parameterUsage>
            </xilinx:parameterInfo>
          </spirit:vendorExtensions>
        </spirit:parameter>
      </spirit:parameters>
    </spirit:busInterface>
    <spirit:busInterface>
      <spirit:name>finished</spirit:name>
      <spirit:busType spirit:vendor="xilinx.com" spirit:library="signal" spirit:name="data" spirit:version="1.0"/>
      <spirit:abstractionType spirit:vendor="xilinx.com" spirit:library="signal" spirit:name="data_rtl" spirit:version="1.0"/>
      <spirit:master/>
      <spirit:portMaps>
        <spirit:portMap>
          <spirit:logicalPort>
            <spirit:name>DATA</spirit:name>
          </spirit:logicalPort>
          <spirit:physicalPort>
            <spirit:name>finished</spirit:name>
          </spirit:physicalPort>
        </spirit:portMap>
      </spirit:portMaps>
      <spirit:parameters>
        <spirit:parameter>
          <spirit:name>NUM_READ_OUTSTANDING</spirit:name>
          <spirit:value spirit:id="BUSIFPARAM_VALUE.FINISHED.NUM_READ_OUTSTANDING"/>
        </spirit:parameter>
        <spirit:parameter>
          <spirit:name>NUM_WRITE_OUTSTANDING</spirit:name>
          <spirit:value spirit:id="BUSIFPARAM_VALUE.FINISHED.NUM_WRITE_OUTSTANDING"/>
        </spirit:parameter>
        <spirit:parameter>
          <spirit:name>LAYERED_METADATA</spirit:name>
          <spirit:value spirit:resolve="generated" spirit:id="BUSIFPARAM_VALUE.FINISHED.LAYERED_METADATA">undef</spirit:value>
          <spirit:vendorExtensions>
            <xilinx:parameterInfo>
              <xilinx:parameterUsage>none</xilinx:parameterUsage>
            </xilinx:parameterInfo>
          </spirit:vendorExtensions>
        </spirit:parameter>
      </spirit:parameters>
    </spirit:busInterface>
    <spirit:busInterface>
      <spirit:name>c_real</spirit:name>
      <spirit:busType spirit:vendor="xilinx.com" spirit:library="signal" spirit:name="data" spirit:version="1.0"/>
      <spirit:abstractionType spirit:vendor="xilinx.com" spirit:library="signal" spirit:name="data_rtl" spirit:version="1.0"/>
      <spirit:slave/>
      <spirit:portMaps>
        <spirit:portMap>
          <spirit:logicalPort>
            <spirit:name>DATA</spirit:name>
          </spirit:logicalPort>
          <spirit:physicalPort>
            <spirit:name>c_real</spirit:name>
          </spirit:physicalPort>
        </spirit:portMap>
      </spirit:portMaps>
      <spirit:parameters>
        <spirit:parameter>
          <spirit:name>LAYERED_METADATA</spirit:name>
          <spirit:value spirit:resolve="generated" spirit:id="BUSIFPARAM_VALUE.C_REAL.LAYERED_METADATA">undef</spirit:value>
          <spirit:vendorExtensions>
            <xilinx:parameterInfo>
              <xilinx:parameterUsage>none</xilinx:parameterUsage>
            </xilinx:parameterInfo>
          </spirit:vendorExtensions>
        </spirit:parameter>
      </spirit:parameters>
    </spirit:busInterface>
    <spirit:busInterface>
      <spirit:name>c_imaginary</spirit:name>
      <spirit:busType spirit:vendor="xilinx.com" spirit:library="signal" spirit:name="data" spirit:version="1.0"/>
      <spirit:abstractionType spirit:vendor="xilinx.com" spirit:library="signal" spirit:name="data_rtl" spirit:version="1.0"/>
      <spirit:slave/>
      <spirit:portMaps>
        <spirit:portMap>
          <spirit:logicalPort>
            <spirit:name>DATA</spirit:name>
          </spirit:logicalPort>
          <spirit:physicalPort>
            <spirit:name>c_imaginary</spirit:name>
          </spirit:physicalPort>
        </spirit:portMap>
      </spirit:portMaps>
      <spirit:parameters>
        <spirit:parameter>
          <spirit:name>LAYERED_METADATA</spirit:name>
          <spirit:value spirit:resolve="generated" spirit:id="BUSIFPARAM_VALUE.C_IMAGINARY.LAYERED_METADATA">undef</spirit:value>
          <spirit:vendorExtensions>
            <xilinx:parameterInfo>
              <xilinx:parameterUsage>none</xilinx:parameterUsage>
            </xilinx:parameterInfo>
          </spirit:vendorExtensions>
        </spirit:parameter>
      </spirit:parameters>
    </spirit:busInterface>
    <spirit:busInterface>
      <spirit:name>z_real</spirit:name>
      <spirit:busType spirit:vendor="xilinx.com" spirit:library="signal" spirit:name="data" spirit:version="1.0"/>
      <spirit:abstractionType spirit:vendor="xilinx.com" spirit:library="signal" spirit:name="data_rtl" spirit:version="1.0"/>
      <spirit:master/>
      <spirit:portMaps>
        <spirit:portMap>
          <spirit:logicalPort>
            <spirit:name>DATA</spirit:name>
          </spirit:logicalPort>
          <spirit:physicalPort>
            <spirit:name>z_real</spirit:name>
          </spirit:physicalPort>
        </spirit:portMap>
      </spirit:portMaps>
      <spirit:parameters>
        <spirit:parameter>
          <spirit:name>LAYERED_METADATA</spirit:name>
          <spirit:value spirit:resolve="generated" spirit:id="BUSIFPARAM_VALUE.Z_REAL.LAYERED_METADATA">undef</spirit:value>
          <spirit:vendorExtensions>
            <xilinx:parameterInfo>
              <xilinx:parameterUsage>none</xilinx:parameterUsage>
            </xilinx:parameterInfo>
          </spirit:vendorExtensions>
        </spirit:parameter>
      </spirit:parameters>
    </spirit:busInterface>
    <spirit:busInterface>
      <spirit:name>z_imaginary</spirit:name>
      <spirit:busType spirit:vendor="xilinx.com" spirit:library="signal" spirit:name="data" spirit:version="1.0"/>
      <spirit:abstractionType spirit:vendor="xilinx.com" spirit:library="signal" spirit:name="data_rtl" spirit:version="1.0"/>
      <spirit:master/>
      <spirit:portMaps>
        <spirit:portMap>
          <spirit:logicalPort>
            <spirit:name>DATA</spirit:name>
          </spirit:logicalPort>
          <spirit:physicalPort>
            <spirit:name>z_imaginary</spirit:name>
          </spirit:physicalPort>
        </spirit:portMap>
      </spirit:portMaps>
      <spirit:parameters>
        <spirit:parameter>
          <spirit:name>LAYERED_METADATA</spirit:name>
          <spirit:value spirit:resolve="generated" spirit:id="BUSIFPARAM_VALUE.Z_IMAGINARY.LAYERED_METADATA">undef</spirit:value>
          <spirit:vendorExtensions>
            <xilinx:parameterInfo>
              <xilinx:parameterUsage>none</xilinx:parameterUsage>
            </xilinx:parameterInfo>
          </spirit:vendorExtensions>
        </spirit:parameter>
      </spirit:parameters>
    </spirit:busInterface>
    <spirit:busInterface>
      <spirit:name>iterations</spirit:name>
      <spirit:busType spirit:vendor="xilinx.com" spirit:library="signal" spirit:name="data" spirit:version="1.0"/>
      <spirit:abstractionType spirit:vendor="xilinx.com" spirit:library="signal" spirit:name="data_rtl" spirit:version="1.0"/>
      <spirit:master/>
      <spirit:portMaps>
        <spirit:portMap>
          <spirit:logicalPort>
            <spirit:name>DATA</spirit:name>
          </spirit:logicalPort>
          <spirit:physicalPort>
            <spirit:name>iterations</spirit:name>
          </spirit:physicalPort>
        </spirit:portMap>
      </spirit:portMaps>
      <spirit:parameters>
        <spirit:parameter>
          <spirit:name>LAYERED_METADATA</spirit:name>
          <spirit:value spirit:resolve="generated" spirit:id="BUSIFPARAM_VALUE.ITERATIONS.LAYERED_METADATA">undef</spirit:value>
          <spirit:vendorExtensions>
            <xilinx:parameterInfo>
              <xilinx:parameterUsage>none</xilinx:parameterUsage>
            </xilinx:parameterInfo>
          </spirit:vendorExtensions>
        </spirit:parameter>
      </spirit:parameters>
    </spirit:busInterface>
  </spirit:busInterfaces>
  <spirit:model>
    <spirit:views>
      <spirit:view>
        <spirit:name>xilinx_vhdlinstantiationtemplate</spirit:name>
        <spirit:displayName>VHDL Instantiation Template</spirit:displayName>
        <spirit:envIdentifier>vhdlSource:vivado.xilinx.com:synthesis.template</spirit:envIdentifier>
        <spirit:language>vhdl</spirit:language>
        <spirit:fileSetRef>
          <spirit:localName>xilinx_vhdlinstantiationtemplate_view_fileset</spirit:localName>
        </spirit:fileSetRef>
        <spirit:parameters>
          <spirit:parameter>
            <spirit:name>GENtimestamp</spirit:name>
            <spirit:value>Sat May 14 18:27:32 UTC 2022</spirit:value>
          </spirit:parameter>
          <spirit:parameter>
            <spirit:name>outputProductCRC</spirit:name>
            <spirit:value>9:c13d33a3</spirit:value>
          </spirit:parameter>
        </spirit:parameters>
      </spirit:view>
      <spirit:view>
        <spirit:name>xilinx_anylanguagesynthesis</spirit:name>
        <spirit:displayName>Synthesis</spirit:displayName>
        <spirit:envIdentifier>:vivado.xilinx.com:synthesis</spirit:envIdentifier>
        <spirit:modelName>lpsc_mandelbrot_calculator</spirit:modelName>
        <spirit:fileSetRef>
          <spirit:localName>xilinx_anylanguagesynthesis_view_fileset</spirit:localName>
        </spirit:fileSetRef>
        <spirit:parameters>
          <spirit:parameter>
            <spirit:name>GENtimestamp</spirit:name>
            <spirit:value>Sat May 14 18:27:35 UTC 2022</spirit:value>
          </spirit:parameter>
          <spirit:parameter>
            <spirit:name>outputProductCRC</spirit:name>
            <spirit:value>9:c13d33a3</spirit:value>
          </spirit:parameter>
        </spirit:parameters>
      </spirit:view>
      <spirit:view>
        <spirit:name>xilinx_synthesisconstraints</spirit:name>
        <spirit:displayName>Synthesis Constraints</spirit:displayName>
        <spirit:envIdentifier>:vivado.xilinx.com:synthesis.constraints</spirit:envIdentifier>
        <spirit:parameters>
          <spirit:parameter>
            <spirit:name>outputProductCRC</spirit:name>
            <spirit:value>9:c13d33a3</spirit:value>
          </spirit:parameter>
        </spirit:parameters>
      </spirit:view>
      <spirit:view>
        <spirit:name>xilinx_vhdlsynthesiswrapper</spirit:name>
        <spirit:displayName>VHDL Synthesis Wrapper</spirit:displayName>
        <spirit:envIdentifier>vhdlSource:vivado.xilinx.com:synthesis.wrapper</spirit:envIdentifier>
        <spirit:language>vhdl</spirit:language>
        <spirit:modelName>lpsc_mandelbrot_calculator_0</spirit:modelName>
        <spirit:fileSetRef>
          <spirit:localName>xilinx_vhdlsynthesiswrapper_view_fileset</spirit:localName>
        </spirit:fileSetRef>
        <spirit:parameters>
          <spirit:parameter>
            <spirit:name>GENtimestamp</spirit:name>
            <spirit:value>Sat May 14 18:27:35 UTC 2022</spirit:value>
          </spirit:parameter>
          <spirit:parameter>
            <spirit:name>outputProductCRC</spirit:name>
            <spirit:value>9:c13d33a3</spirit:value>
          </spirit:parameter>
        </spirit:parameters>
      </spirit:view>
      <spirit:view>
        <spirit:name>xilinx_anylanguagebehavioralsimulation</spirit:name>
        <spirit:displayName>Simulation</spirit:displayName>
        <spirit:envIdentifier>:vivado.xilinx.com:simulation</spirit:envIdentifier>
        <spirit:modelName>lpsc_mandelbrot_calculator</spirit:modelName>
        <spirit:fileSetRef>
          <spirit:localName>xilinx_anylanguagebehavioralsimulation_view_fileset</spirit:localName>
        </spirit:fileSetRef>
        <spirit:parameters>
          <spirit:parameter>
            <spirit:name>GENtimestamp</spirit:name>
            <spirit:value>Sat May 14 18:27:35 UTC 2022</spirit:value>
          </spirit:parameter>
          <spirit:parameter>
            <spirit:name>outputProductCRC</spirit:name>
            <spirit:value>9:e57e61ce</spirit:value>
          </spirit:parameter>
        </spirit:parameters>
      </spirit:view>
      <spirit:view>
        <spirit:name>xilinx_vhdlsimulationwrapper</spirit:name>
        <spirit:displayName>VHDL Simulation Wrapper</spirit:displayName>
        <spirit:envIdentifier>vhdlSource:vivado.xilinx.com:simulation.wrapper</spirit:envIdentifier>
        <spirit:language>vhdl</spirit:language>
        <spirit:modelName>lpsc_mandelbrot_calculator_0</spirit:modelName>
        <spirit:fileSetRef>
          <spirit:localName>xilinx_vhdlsimulationwrapper_view_fileset</spirit:localName>
        </spirit:fileSetRef>
        <spirit:parameters>
          <spirit:parameter>
            <spirit:name>GENtimestamp</spirit:name>
            <spirit:value>Sat May 14 18:27:35 UTC 2022</spirit:value>
          </spirit:parameter>
          <spirit:parameter>
            <spirit:name>outputProductCRC</spirit:name>
            <spirit:value>9:e57e61ce</spirit:value>
          </spirit:parameter>
        </spirit:parameters>
      </spirit:view>
      <spirit:view>
        <spirit:name>xilinx_testbench</spirit:name>
        <spirit:displayName>Test Bench</spirit:displayName>
        <spirit:envIdentifier>:vivado.xilinx.com:simulation.testbench</spirit:envIdentifier>
        <spirit:modelName>tb_lpsc_mandelbrot_calculator</spirit:modelName>
        <spirit:fileSetRef>
          <spirit:localName>xilinx_testbench_view_fileset</spirit:localName>
        </spirit:fileSetRef>
        <spirit:parameters>
          <spirit:parameter>
            <spirit:name>GENtimestamp</spirit:name>
            <spirit:value>Sat May 14 18:27:35 UTC 2022</spirit:value>
          </spirit:parameter>
          <spirit:parameter>
            <spirit:name>outputProductCRC</spirit:name>
            <spirit:value>9:c13d33a3</spirit:value>
          </spirit:parameter>
        </spirit:parameters>
      </spirit:view>
      <spirit:view>
        <spirit:name>xilinx_externalfiles</spirit:name>
        <spirit:displayName>External Files</spirit:displayName>
        <spirit:envIdentifier>:vivado.xilinx.com:external.files</spirit:envIdentifier>
        <spirit:fileSetRef>
          <spirit:localName>xilinx_externalfiles_view_fileset</spirit:localName>
        </spirit:fileSetRef>
        <spirit:parameters>
          <spirit:parameter>
            <spirit:name>GENtimestamp</spirit:name>
            <spirit:value>Sat May 14 18:49:11 UTC 2022</spirit:value>
          </spirit:parameter>
          <spirit:parameter>
            <spirit:name>outputProductCRC</spirit:name>
            <spirit:value>9:c13d33a3</spirit:value>
          </spirit:parameter>
        </spirit:parameters>
      </spirit:view>
    </spirit:views>
    <spirit:ports>
      <spirit:port>
        <spirit:name>clk</spirit:name>
        <spirit:wire>
          <spirit:direction>in</spirit:direction>
          <spirit:wireTypeDefs>
            <spirit:wireTypeDef>
              <spirit:typeName>std_logic</spirit:typeName>
              <spirit:viewNameRef>xilinx_anylanguagesynthesis</spirit:viewNameRef>
              <spirit:viewNameRef>xilinx_anylanguagebehavioralsimulation</spirit:viewNameRef>
            </spirit:wireTypeDef>
          </spirit:wireTypeDefs>
        </spirit:wire>
      </spirit:port>
      <spirit:port>
        <spirit:name>rst</spirit:name>
        <spirit:wire>
          <spirit:direction>in</spirit:direction>
          <spirit:wireTypeDefs>
            <spirit:wireTypeDef>
              <spirit:typeName>std_logic</spirit:typeName>
              <spirit:viewNameRef>xilinx_anylanguagesynthesis</spirit:viewNameRef>
              <spirit:viewNameRef>xilinx_anylanguagebehavioralsimulation</spirit:viewNameRef>
            </spirit:wireTypeDef>
          </spirit:wireTypeDefs>
        </spirit:wire>
      </spirit:port>
      <spirit:port>
        <spirit:name>ready</spirit:name>
        <spirit:wire>
          <spirit:direction>out</spirit:direction>
          <spirit:wireTypeDefs>
            <spirit:wireTypeDef>
              <spirit:typeName>std_logic</spirit:typeName>
              <spirit:viewNameRef>xilinx_anylanguagesynthesis</spirit:viewNameRef>
              <spirit:viewNameRef>xilinx_anylanguagebehavioralsimulation</spirit:viewNameRef>
            </spirit:wireTypeDef>
          </spirit:wireTypeDefs>
        </spirit:wire>
      </spirit:port>
      <spirit:port>
        <spirit:name>start</spirit:name>
        <spirit:wire>
          <spirit:direction>in</spirit:direction>
          <spirit:wireTypeDefs>
            <spirit:wireTypeDef>
              <spirit:typeName>std_logic</spirit:typeName>
              <spirit:viewNameRef>xilinx_anylanguagesynthesis</spirit:viewNameRef>
              <spirit:viewNameRef>xilinx_anylanguagebehavioralsimulation</spirit:viewNameRef>
            </spirit:wireTypeDef>
          </spirit:wireTypeDefs>
        </spirit:wire>
      </spirit:port>
      <spirit:port>
        <spirit:name>finished</spirit:name>
        <spirit:wire>
          <spirit:direction>out</spirit:direction>
          <spirit:wireTypeDefs>
            <spirit:wireTypeDef>
              <spirit:typeName>std_logic</spirit:typeName>
              <spirit:viewNameRef>xilinx_anylanguagesynthesis</spirit:viewNameRef>
              <spirit:viewNameRef>xilinx_anylanguagebehavioralsimulation</spirit:viewNameRef>
            </spirit:wireTypeDef>
          </spirit:wireTypeDefs>
        </spirit:wire>
      </spirit:port>
      <spirit:port>
        <spirit:name>c_real</spirit:name>
        <spirit:wire>
          <spirit:direction>in</spirit:direction>
          <spirit:vector>
            <spirit:left spirit:format="long" spirit:resolve="dependent" spirit:dependency="(spirit:decode(id(&apos;MODELPARAM_VALUE.SIZE&apos;)) - 1)">17</spirit:left>
            <spirit:right spirit:format="long">0</spirit:right>
          </spirit:vector>
          <spirit:wireTypeDefs>
            <spirit:wireTypeDef>
              <spirit:typeName>std_logic_vector</spirit:typeName>
              <spirit:viewNameRef>xilinx_anylanguagesynthesis</spirit:viewNameRef>
              <spirit:viewNameRef>xilinx_anylanguagebehavioralsimulation</spirit:viewNameRef>
            </spirit:wireTypeDef>
          </spirit:wireTypeDefs>
        </spirit:wire>
      </spirit:port>
      <spirit:port>
        <spirit:name>c_imaginary</spirit:name>
        <spirit:wire>
          <spirit:direction>in</spirit:direction>
          <spirit:vector>
            <spirit:left spirit:format="long" spirit:resolve="dependent" spirit:dependency="(spirit:decode(id(&apos;MODELPARAM_VALUE.SIZE&apos;)) - 1)">17</spirit:left>
            <spirit:right spirit:format="long">0</spirit:right>
          </spirit:vector>
          <spirit:wireTypeDefs>
            <spirit:wireTypeDef>
              <spirit:typeName>std_logic_vector</spirit:typeName>
              <spirit:viewNameRef>xilinx_anylanguagesynthesis</spirit:viewNameRef>
              <spirit:viewNameRef>xilinx_anylanguagebehavioralsimulation</spirit:viewNameRef>
            </spirit:wireTypeDef>
          </spirit:wireTypeDefs>
        </spirit:wire>
      </spirit:port>
      <spirit:port>
        <spirit:name>z_real</spirit:name>
        <spirit:wire>
          <spirit:direction>out</spirit:direction>
          <spirit:vector>
            <spirit:left spirit:format="long" spirit:resolve="dependent" spirit:dependency="(spirit:decode(id(&apos;MODELPARAM_VALUE.SIZE&apos;)) - 1)">17</spirit:left>
            <spirit:right spirit:format="long">0</spirit:right>
          </spirit:vector>
          <spirit:wireTypeDefs>
            <spirit:wireTypeDef>
              <spirit:typeName>std_logic_vector</spirit:typeName>
              <spirit:viewNameRef>xilinx_anylanguagesynthesis</spirit:viewNameRef>
              <spirit:viewNameRef>xilinx_anylanguagebehavioralsimulation</spirit:viewNameRef>
            </spirit:wireTypeDef>
          </spirit:wireTypeDefs>
        </spirit:wire>
      </spirit:port>
      <spirit:port>
        <spirit:name>z_imaginary</spirit:name>
        <spirit:wire>
          <spirit:direction>out</spirit:direction>
          <spirit:vector>
            <spirit:left spirit:format="long" spirit:resolve="dependent" spirit:dependency="(spirit:decode(id(&apos;MODELPARAM_VALUE.SIZE&apos;)) - 1)">17</spirit:left>
            <spirit:right spirit:format="long">0</spirit:right>
          </spirit:vector>
          <spirit:wireTypeDefs>
            <spirit:wireTypeDef>
              <spirit:typeName>std_logic_vector</spirit:typeName>
              <spirit:viewNameRef>xilinx_anylanguagesynthesis</spirit:viewNameRef>
              <spirit:viewNameRef>xilinx_anylanguagebehavioralsimulation</spirit:viewNameRef>
            </spirit:wireTypeDef>
          </spirit:wireTypeDefs>
        </spirit:wire>
      </spirit:port>
      <spirit:port>
        <spirit:name>iterations</spirit:name>
        <spirit:wire>
          <spirit:direction>out</spirit:direction>
          <spirit:vector>
            <spirit:left spirit:format="long" spirit:resolve="dependent" spirit:dependency="(spirit:decode(id(&apos;MODELPARAM_VALUE.SIZE&apos;)) - 1)">17</spirit:left>
            <spirit:right spirit:format="long">0</spirit:right>
          </spirit:vector>
          <spirit:wireTypeDefs>
            <spirit:wireTypeDef>
              <spirit:typeName>std_logic_vector</spirit:typeName>
              <spirit:viewNameRef>xilinx_anylanguagesynthesis</spirit:viewNameRef>
              <spirit:viewNameRef>xilinx_anylanguagebehavioralsimulation</spirit:viewNameRef>
            </spirit:wireTypeDef>
          </spirit:wireTypeDefs>
        </spirit:wire>
      </spirit:port>
    </spirit:ports>
    <spirit:modelParameters>
      <spirit:modelParameter xsi:type="spirit:nameValueTypeType" spirit:dataType="integer">
        <spirit:name>comma</spirit:name>
        <spirit:displayName>Comma</spirit:displayName>
        <spirit:value spirit:format="long" spirit:resolve="generated" spirit:id="MODELPARAM_VALUE.comma">14</spirit:value>
      </spirit:modelParameter>
      <spirit:modelParameter spirit:dataType="integer">
        <spirit:name>max_iter</spirit:name>
        <spirit:displayName>Max Iter</spirit:displayName>
        <spirit:value spirit:format="long" spirit:resolve="generated" spirit:id="MODELPARAM_VALUE.max_iter">127</spirit:value>
      </spirit:modelParameter>
      <spirit:modelParameter spirit:dataType="integer">
        <spirit:name>SIZE</spirit:name>
        <spirit:displayName>Size</spirit:displayName>
        <spirit:value spirit:format="long" spirit:resolve="generated" spirit:id="MODELPARAM_VALUE.SIZE">18</spirit:value>
      </spirit:modelParameter>
    </spirit:modelParameters>
  </spirit:model>
  <spirit:fileSets>
    <spirit:fileSet>
      <spirit:name>xilinx_vhdlinstantiationtemplate_view_fileset</spirit:name>
      <spirit:file>
        <spirit:name>lpsc_mandelbrot_calculator_0.vho</spirit:name>
        <spirit:userFileType>vhdlTemplate</spirit:userFileType>
      </spirit:file>
      <spirit:file>
        <spirit:name>lpsc_mandelbrot_calculator_0.veo</spirit:name>
        <spirit:userFileType>verilogTemplate</spirit:userFileType>
      </spirit:file>
    </spirit:fileSet>
    <spirit:fileSet>
      <spirit:name>xilinx_anylanguagesynthesis_view_fileset</spirit:name>
      <spirit:file>
        <spirit:name>src/lpsc_mandelbot_iterator_ooc.xdc</spirit:name>
        <spirit:userFileType>xdc</spirit:userFileType>
        <spirit:userFileType>SCOPED_TO_REF_lpsc_mandelbot_iterator</spirit:userFileType>
        <spirit:userFileType>USED_IN_out_of_context</spirit:userFileType>
      </spirit:file>
      <spirit:file>
        <spirit:name>src/lpsc_mandelbot_iterator_c_addsub_0_0/lpsc_mandelbot_iterator_c_addsub_0_0.xci</spirit:name>
        <spirit:userFileType>xci</spirit:userFileType>
        <spirit:userFileType>CELL_NAME_lpsc_mandelbot_iterator_i/sub_pow2_ZI_ZR</spirit:userFileType>
      </spirit:file>
      <spirit:file>
        <spirit:name>src/lpsc_mandelbot_iterator_slice_sign_pow2_ZnI_0/lpsc_mandelbot_iterator_slice_sign_pow2_ZnI_0.xci</spirit:name>
        <spirit:userFileType>xci</spirit:userFileType>
        <spirit:userFileType>CELL_NAME_lpsc_mandelbot_iterator_i/slice_sign_pow2_ZnR</spirit:userFileType>
      </spirit:file>
      <spirit:file>
        <spirit:name>src/lpsc_mandelbot_iterator_slice_sign_mul_ZI_ZR_1/lpsc_mandelbot_iterator_slice_sign_mul_ZI_ZR_1.xci</spirit:name>
        <spirit:userFileType>xci</spirit:userFileType>
        <spirit:userFileType>CELL_NAME_lpsc_mandelbot_iterator_i/slice_sign_pow2_ZnI</spirit:userFileType>
      </spirit:file>
      <spirit:file>
        <spirit:name>src/lpsc_mandelbot_iterator_slice_sign_mul_ZI_ZR_0/lpsc_mandelbot_iterator_slice_sign_mul_ZI_ZR_0.xci</spirit:name>
        <spirit:userFileType>xci</spirit:userFileType>
        <spirit:userFileType>CELL_NAME_lpsc_mandelbot_iterator_i/slice_sign_pow2_ZR</spirit:userFileType>
      </spirit:file>
      <spirit:file>
        <spirit:name>src/lpsc_mandelbot_iterator_slice_sign_pow2_ZR_0/lpsc_mandelbot_iterator_slice_sign_pow2_ZR_0.xci</spirit:name>
        <spirit:userFileType>xci</spirit:userFileType>
        <spirit:userFileType>CELL_NAME_lpsc_mandelbot_iterator_i/slice_sign_pow2_ZI</spirit:userFileType>
      </spirit:file>
      <spirit:file>
        <spirit:name>src/lpsc_mandelbot_iterator_xlslice_0_1/lpsc_mandelbot_iterator_xlslice_0_1.xci</spirit:name>
        <spirit:userFileType>xci</spirit:userFileType>
        <spirit:userFileType>CELL_NAME_lpsc_mandelbot_iterator_i/slice_sign_mul_ZI_ZR</spirit:userFileType>
      </spirit:file>
      <spirit:file>
        <spirit:name>src/lpsc_mandelbot_iterator_slice_mul_ZI_ZR_2/lpsc_mandelbot_iterator_slice_mul_ZI_ZR_2.xci</spirit:name>
        <spirit:userFileType>xci</spirit:userFileType>
        <spirit:userFileType>CELL_NAME_lpsc_mandelbot_iterator_i/slice_pow2_ZnR</spirit:userFileType>
      </spirit:file>
      <spirit:file>
        <spirit:name>src/lpsc_mandelbot_iterator_slice_mul_ZI_ZR_1/lpsc_mandelbot_iterator_slice_mul_ZI_ZR_1.xci</spirit:name>
        <spirit:userFileType>xci</spirit:userFileType>
        <spirit:userFileType>CELL_NAME_lpsc_mandelbot_iterator_i/slice_pow2_ZnI</spirit:userFileType>
      </spirit:file>
      <spirit:file>
        <spirit:name>src/lpsc_mandelbot_iterator_slice_mul_ZI_ZR_0/lpsc_mandelbot_iterator_slice_mul_ZI_ZR_0.xci</spirit:name>
        <spirit:userFileType>xci</spirit:userFileType>
        <spirit:userFileType>CELL_NAME_lpsc_mandelbot_iterator_i/slice_pow2_ZR</spirit:userFileType>
      </spirit:file>
      <spirit:file>
        <spirit:name>src/lpsc_mandelbot_iterator_slice_pow2_ZR_1/lpsc_mandelbot_iterator_slice_pow2_ZR_1.xci</spirit:name>
        <spirit:userFileType>xci</spirit:userFileType>
        <spirit:userFileType>CELL_NAME_lpsc_mandelbot_iterator_i/slice_pow2_ZI</spirit:userFileType>
      </spirit:file>
      <spirit:file>
        <spirit:name>src/lpsc_mandelbot_iterator_slice_mul_2_ZR_0/lpsc_mandelbot_iterator_slice_mul_2_ZR_0.xci</spirit:name>
        <spirit:userFileType>xci</spirit:userFileType>
        <spirit:userFileType>CELL_NAME_lpsc_mandelbot_iterator_i/slice_mul_ZI_ZR</spirit:userFileType>
      </spirit:file>
      <spirit:file>
        <spirit:name>src/lpsc_mandelbot_iterator_mult_power2_ZnI_0/lpsc_mandelbot_iterator_mult_power2_ZnI_0.xci</spirit:name>
        <spirit:userFileType>xci</spirit:userFileType>
        <spirit:userFileType>CELL_NAME_lpsc_mandelbot_iterator_i/mult_power2_ZnR</spirit:userFileType>
      </spirit:file>
      <spirit:file>
        <spirit:name>src/lpsc_mandelbot_iterator_mult_power2_ZI_0/lpsc_mandelbot_iterator_mult_power2_ZI_0.xci</spirit:name>
        <spirit:userFileType>xci</spirit:userFileType>
        <spirit:userFileType>CELL_NAME_lpsc_mandelbot_iterator_i/mult_power2_ZnI</spirit:userFileType>
      </spirit:file>
      <spirit:file>
        <spirit:name>src/lpsc_mandelbot_iterator_mult_gen_0_2/lpsc_mandelbot_iterator_mult_gen_0_2.xci</spirit:name>
        <spirit:userFileType>xci</spirit:userFileType>
        <spirit:userFileType>CELL_NAME_lpsc_mandelbot_iterator_i/mult_power2_ZR</spirit:userFileType>
      </spirit:file>
      <spirit:file>
        <spirit:name>src/lpsc_mandelbot_iterator_mult_power2_ZR_0/lpsc_mandelbot_iterator_mult_power2_ZR_0.xci</spirit:name>
        <spirit:userFileType>xci</spirit:userFileType>
        <spirit:userFileType>CELL_NAME_lpsc_mandelbot_iterator_i/mult_power2_ZI</spirit:userFileType>
      </spirit:file>
      <spirit:file>
        <spirit:name>src/lpsc_mandelbot_iterator_mult_2_ZR_0/lpsc_mandelbot_iterator_mult_2_ZR_0.xci</spirit:name>
        <spirit:userFileType>xci</spirit:userFileType>
        <spirit:userFileType>CELL_NAME_lpsc_mandelbot_iterator_i/mult_ZI_ZR</spirit:userFileType>
      </spirit:file>
      <spirit:file>
        <spirit:name>src/lpsc_mandelbot_iterator_c_addsub_0_1/lpsc_mandelbot_iterator_c_addsub_0_1.xci</spirit:name>
        <spirit:userFileType>xci</spirit:userFileType>
        <spirit:userFileType>CELL_NAME_lpsc_mandelbot_iterator_i/final_add_real</spirit:userFileType>
      </spirit:file>
      <spirit:file>
        <spirit:name>src/lpsc_mandelbot_iterator_c_addsub_0_2/lpsc_mandelbot_iterator_c_addsub_0_2.xci</spirit:name>
        <spirit:userFileType>xci</spirit:userFileType>
        <spirit:userFileType>CELL_NAME_lpsc_mandelbot_iterator_i/final_add_imaginary</spirit:userFileType>
      </spirit:file>
      <spirit:file>
        <spirit:name>src/lpsc_mandelbot_iterator_concat_pow2_ZnI_0/lpsc_mandelbot_iterator_concat_pow2_ZnI_0.xci</spirit:name>
        <spirit:userFileType>xci</spirit:userFileType>
        <spirit:userFileType>CELL_NAME_lpsc_mandelbot_iterator_i/concat_pow2_ZnR</spirit:userFileType>
      </spirit:file>
      <spirit:file>
        <spirit:name>src/lpsc_mandelbot_iterator_concat_mul_ZI_ZR_2/lpsc_mandelbot_iterator_concat_mul_ZI_ZR_2.xci</spirit:name>
        <spirit:userFileType>xci</spirit:userFileType>
        <spirit:userFileType>CELL_NAME_lpsc_mandelbot_iterator_i/concat_pow2_ZnI</spirit:userFileType>
      </spirit:file>
      <spirit:file>
        <spirit:name>src/lpsc_mandelbot_iterator_concat_mul_ZI_ZR_0/lpsc_mandelbot_iterator_concat_mul_ZI_ZR_0.xci</spirit:name>
        <spirit:userFileType>xci</spirit:userFileType>
        <spirit:userFileType>CELL_NAME_lpsc_mandelbot_iterator_i/concat_pow2_ZR</spirit:userFileType>
      </spirit:file>
      <spirit:file>
        <spirit:name>src/lpsc_mandelbot_iterator_concat_mul_ZI_ZR_1/lpsc_mandelbot_iterator_concat_mul_ZI_ZR_1.xci</spirit:name>
        <spirit:userFileType>xci</spirit:userFileType>
        <spirit:userFileType>CELL_NAME_lpsc_mandelbot_iterator_i/concat_pow2_ZI</spirit:userFileType>
      </spirit:file>
      <spirit:file>
        <spirit:name>src/lpsc_mandelbot_iterator_xlconcat_0_0/lpsc_mandelbot_iterator_xlconcat_0_0.xci</spirit:name>
        <spirit:userFileType>xci</spirit:userFileType>
        <spirit:userFileType>CELL_NAME_lpsc_mandelbot_iterator_i/concat_mul_ZI_ZR</spirit:userFileType>
      </spirit:file>
      <spirit:file>
        <spirit:name>src/lpsc_mandelbot_iterator_add_ZI_mul_ZR_0/lpsc_mandelbot_iterator_add_ZI_mul_ZR_0.xci</spirit:name>
        <spirit:userFileType>xci</spirit:userFileType>
        <spirit:userFileType>CELL_NAME_lpsc_mandelbot_iterator_i/add_ZnI_mul_ZnR</spirit:userFileType>
      </spirit:file>
      <spirit:file>
        <spirit:name>src/lpsc_mandelbot_iterator_final_add_imaginary_0/lpsc_mandelbot_iterator_final_add_imaginary_0.xci</spirit:name>
        <spirit:userFileType>xci</spirit:userFileType>
        <spirit:userFileType>CELL_NAME_lpsc_mandelbot_iterator_i/add_ZI_mul_ZR</spirit:userFileType>
      </spirit:file>
      <spirit:file>
        <spirit:name>src/lpsc_mandelbot_iterator_add_Iteration_Number1_0/lpsc_mandelbot_iterator_add_Iteration_Number1_0.xci</spirit:name>
        <spirit:userFileType>xci</spirit:userFileType>
        <spirit:userFileType>CELL_NAME_lpsc_mandelbot_iterator_i/add_Iteration_Number2</spirit:userFileType>
      </spirit:file>
      <spirit:file>
        <spirit:name>src/lpsc_mandelbot_iterator_add_Iteration_Number_0/lpsc_mandelbot_iterator_add_Iteration_Number_0.xci</spirit:name>
        <spirit:userFileType>xci</spirit:userFileType>
        <spirit:userFileType>CELL_NAME_lpsc_mandelbot_iterator_i/add_Iteration_Number1</spirit:userFileType>
      </spirit:file>
      <spirit:file>
        <spirit:name>src/lpsc_mandelbot_iterator_c_addsub_0_3/lpsc_mandelbot_iterator_c_addsub_0_3.xci</spirit:name>
        <spirit:userFileType>xci</spirit:userFileType>
        <spirit:userFileType>CELL_NAME_lpsc_mandelbot_iterator_i/add_Iteration_Number</spirit:userFileType>
      </spirit:file>
      <spirit:file>
        <spirit:name>work/src/work/lpsc_mandelbot_iterator.vhd</spirit:name>
        <spirit:fileType>vhdlSource</spirit:fileType>
        <spirit:logicalName>work</spirit:logicalName>
      </spirit:file>
      <spirit:file>
        <spirit:name>work/src/work/lpsc_mandelbrot_calculator.vhd</spirit:name>
        <spirit:fileType>vhdlSource</spirit:fileType>
        <spirit:logicalName>work</spirit:logicalName>
      </spirit:file>
    </spirit:fileSet>
    <spirit:fileSet>
      <spirit:name>xilinx_vhdlsynthesiswrapper_view_fileset</spirit:name>
      <spirit:file>
        <spirit:name>synth/lpsc_mandelbrot_calculator_0.vhd</spirit:name>
        <spirit:fileType>vhdlSource</spirit:fileType>
        <spirit:logicalName>xil_defaultlib</spirit:logicalName>
      </spirit:file>
    </spirit:fileSet>
    <spirit:fileSet>
      <spirit:name>xilinx_anylanguagebehavioralsimulation_view_fileset</spirit:name>
      <spirit:file>
        <spirit:name>work/src/work/lpsc_mandelbot_iterator_c_addsub_0_0.xci</spirit:name>
        <spirit:userFileType>xci</spirit:userFileType>
        <spirit:userFileType>CELL_NAME_sub_pow2_ZI_ZR</spirit:userFileType>
        <spirit:logicalName>work</spirit:logicalName>
      </spirit:file>
      <spirit:file>
        <spirit:name>work/src/work/lpsc_mandelbot_iterator_mult_gen_0_2.xci</spirit:name>
        <spirit:userFileType>xci</spirit:userFileType>
        <spirit:userFileType>CELL_NAME_mult_power2_ZR</spirit:userFileType>
        <spirit:logicalName>work</spirit:logicalName>
      </spirit:file>
      <spirit:file>
        <spirit:name>work/src/work/lpsc_mandelbot_iterator_mult_power2_ZR_0.xci</spirit:name>
        <spirit:userFileType>xci</spirit:userFileType>
        <spirit:userFileType>CELL_NAME_mult_power2_ZI</spirit:userFileType>
        <spirit:logicalName>work</spirit:logicalName>
      </spirit:file>
      <spirit:file>
        <spirit:name>work/src/work/lpsc_mandelbot_iterator_c_addsub_0_1.xci</spirit:name>
        <spirit:userFileType>xci</spirit:userFileType>
        <spirit:userFileType>CELL_NAME_final_add_real</spirit:userFileType>
        <spirit:logicalName>work</spirit:logicalName>
      </spirit:file>
      <spirit:file>
        <spirit:name>work/src/work/lpsc_mandelbot_iterator_mult_2_ZR_0.xci</spirit:name>
        <spirit:userFileType>xci</spirit:userFileType>
        <spirit:userFileType>CELL_NAME_mult_ZI_ZR</spirit:userFileType>
        <spirit:logicalName>work</spirit:logicalName>
      </spirit:file>
      <spirit:file>
        <spirit:name>work/src/work/lpsc_mandelbot_iterator_slice_mul_2_ZR_0.xci</spirit:name>
        <spirit:userFileType>xci</spirit:userFileType>
        <spirit:userFileType>CELL_NAME_slice_mul_ZI_ZR</spirit:userFileType>
        <spirit:logicalName>work</spirit:logicalName>
      </spirit:file>
      <spirit:file>
        <spirit:name>work/src/work/lpsc_mandelbot_iterator_c_addsub_0_2.xci</spirit:name>
        <spirit:userFileType>xci</spirit:userFileType>
        <spirit:userFileType>CELL_NAME_final_add_imaginary</spirit:userFileType>
        <spirit:logicalName>work</spirit:logicalName>
      </spirit:file>
      <spirit:file>
        <spirit:name>work/src/work/lpsc_mandelbot_iterator_final_add_imaginary_0.xci</spirit:name>
        <spirit:userFileType>xci</spirit:userFileType>
        <spirit:userFileType>CELL_NAME_add_ZI_mul_ZR</spirit:userFileType>
        <spirit:logicalName>work</spirit:logicalName>
      </spirit:file>
      <spirit:file>
        <spirit:name>work/src/work/lpsc_mandelbot_iterator_c_addsub_0_3.xci</spirit:name>
        <spirit:userFileType>xci</spirit:userFileType>
        <spirit:userFileType>CELL_NAME_add_Iteration_Number</spirit:userFileType>
        <spirit:logicalName>work</spirit:logicalName>
      </spirit:file>
      <spirit:file>
        <spirit:name>work/src/work/lpsc_mandelbot_iterator_mult_power2_ZI_0.xci</spirit:name>
        <spirit:userFileType>xci</spirit:userFileType>
        <spirit:userFileType>CELL_NAME_mult_power2_ZnI</spirit:userFileType>
        <spirit:logicalName>work</spirit:logicalName>
      </spirit:file>
      <spirit:file>
        <spirit:name>work/src/work/lpsc_mandelbot_iterator_mult_power2_ZnI_0.xci</spirit:name>
        <spirit:userFileType>xci</spirit:userFileType>
        <spirit:userFileType>CELL_NAME_mult_power2_ZnR</spirit:userFileType>
        <spirit:logicalName>work</spirit:logicalName>
      </spirit:file>
      <spirit:file>
        <spirit:name>work/src/work/lpsc_mandelbot_iterator_add_ZI_mul_ZR_0.xci</spirit:name>
        <spirit:userFileType>xci</spirit:userFileType>
        <spirit:userFileType>CELL_NAME_add_ZnI_mul_ZnR</spirit:userFileType>
        <spirit:logicalName>work</spirit:logicalName>
      </spirit:file>
      <spirit:file>
        <spirit:name>work/src/work/lpsc_mandelbot_iterator_add_Iteration_Number_0.xci</spirit:name>
        <spirit:userFileType>xci</spirit:userFileType>
        <spirit:userFileType>CELL_NAME_add_Iteration_Number1</spirit:userFileType>
        <spirit:logicalName>work</spirit:logicalName>
      </spirit:file>
      <spirit:file>
        <spirit:name>work/src/work/lpsc_mandelbot_iterator_add_Iteration_Number1_0.xci</spirit:name>
        <spirit:userFileType>xci</spirit:userFileType>
        <spirit:userFileType>CELL_NAME_add_Iteration_Number2</spirit:userFileType>
        <spirit:logicalName>work</spirit:logicalName>
      </spirit:file>
      <spirit:file>
        <spirit:name>work/src/work/lpsc_mandelbot_iterator_xlconcat_0_0.xci</spirit:name>
        <spirit:userFileType>xci</spirit:userFileType>
        <spirit:userFileType>CELL_NAME_concat_mul_ZI_ZR</spirit:userFileType>
        <spirit:logicalName>work</spirit:logicalName>
      </spirit:file>
      <spirit:file>
        <spirit:name>work/src/work/lpsc_mandelbot_iterator_xlslice_0_1.xci</spirit:name>
        <spirit:userFileType>xci</spirit:userFileType>
        <spirit:userFileType>CELL_NAME_slice_sign_mul_ZI_ZR</spirit:userFileType>
        <spirit:logicalName>work</spirit:logicalName>
      </spirit:file>
      <spirit:file>
        <spirit:name>work/src/work/lpsc_mandelbot_iterator_concat_mul_ZI_ZR_0.xci</spirit:name>
        <spirit:userFileType>xci</spirit:userFileType>
        <spirit:userFileType>CELL_NAME_concat_pow2_ZR</spirit:userFileType>
        <spirit:logicalName>work</spirit:logicalName>
      </spirit:file>
      <spirit:file>
        <spirit:name>work/src/work/lpsc_mandelbot_iterator_concat_mul_ZI_ZR_1.xci</spirit:name>
        <spirit:userFileType>xci</spirit:userFileType>
        <spirit:userFileType>CELL_NAME_concat_pow2_ZI</spirit:userFileType>
        <spirit:logicalName>work</spirit:logicalName>
      </spirit:file>
      <spirit:file>
        <spirit:name>work/src/work/lpsc_mandelbot_iterator_slice_sign_mul_ZI_ZR_0.xci</spirit:name>
        <spirit:userFileType>xci</spirit:userFileType>
        <spirit:userFileType>CELL_NAME_slice_sign_pow2_ZR</spirit:userFileType>
        <spirit:logicalName>work</spirit:logicalName>
      </spirit:file>
      <spirit:file>
        <spirit:name>work/src/work/lpsc_mandelbot_iterator_slice_sign_pow2_ZR_0.xci</spirit:name>
        <spirit:userFileType>xci</spirit:userFileType>
        <spirit:userFileType>CELL_NAME_slice_sign_pow2_ZI</spirit:userFileType>
        <spirit:logicalName>work</spirit:logicalName>
      </spirit:file>
      <spirit:file>
        <spirit:name>work/src/work/lpsc_mandelbot_iterator_slice_mul_ZI_ZR_0.xci</spirit:name>
        <spirit:userFileType>xci</spirit:userFileType>
        <spirit:userFileType>CELL_NAME_slice_pow2_ZR</spirit:userFileType>
        <spirit:logicalName>work</spirit:logicalName>
      </spirit:file>
      <spirit:file>
        <spirit:name>work/src/work/lpsc_mandelbot_iterator_slice_pow2_ZR_1.xci</spirit:name>
        <spirit:userFileType>xci</spirit:userFileType>
        <spirit:userFileType>CELL_NAME_slice_pow2_ZI</spirit:userFileType>
        <spirit:logicalName>work</spirit:logicalName>
      </spirit:file>
      <spirit:file>
        <spirit:name>work/src/work/lpsc_mandelbot_iterator_slice_sign_mul_ZI_ZR_1.xci</spirit:name>
        <spirit:userFileType>xci</spirit:userFileType>
        <spirit:userFileType>CELL_NAME_slice_sign_pow2_ZnI</spirit:userFileType>
        <spirit:logicalName>work</spirit:logicalName>
      </spirit:file>
      <spirit:file>
        <spirit:name>work/src/work/lpsc_mandelbot_iterator_slice_sign_pow2_ZnI_0.xci</spirit:name>
        <spirit:userFileType>xci</spirit:userFileType>
        <spirit:userFileType>CELL_NAME_slice_sign_pow2_ZnR</spirit:userFileType>
        <spirit:logicalName>work</spirit:logicalName>
      </spirit:file>
      <spirit:file>
        <spirit:name>work/src/work/lpsc_mandelbot_iterator_slice_mul_ZI_ZR_1.xci</spirit:name>
        <spirit:userFileType>xci</spirit:userFileType>
        <spirit:userFileType>CELL_NAME_slice_pow2_ZnI</spirit:userFileType>
        <spirit:logicalName>work</spirit:logicalName>
      </spirit:file>
      <spirit:file>
        <spirit:name>work/src/work/lpsc_mandelbot_iterator_slice_mul_ZI_ZR_2.xci</spirit:name>
        <spirit:userFileType>xci</spirit:userFileType>
        <spirit:userFileType>CELL_NAME_slice_pow2_ZnR</spirit:userFileType>
        <spirit:logicalName>work</spirit:logicalName>
      </spirit:file>
      <spirit:file>
        <spirit:name>work/src/work/lpsc_mandelbot_iterator_concat_mul_ZI_ZR_2.xci</spirit:name>
        <spirit:userFileType>xci</spirit:userFileType>
        <spirit:userFileType>CELL_NAME_concat_pow2_ZnI</spirit:userFileType>
        <spirit:logicalName>work</spirit:logicalName>
      </spirit:file>
      <spirit:file>
        <spirit:name>work/src/work/lpsc_mandelbot_iterator_concat_pow2_ZnI_0.xci</spirit:name>
        <spirit:userFileType>xci</spirit:userFileType>
        <spirit:userFileType>CELL_NAME_concat_pow2_ZnR</spirit:userFileType>
        <spirit:logicalName>work</spirit:logicalName>
      </spirit:file>
      <spirit:file>
        <spirit:name>src/lpsc_mandelbot_iterator_c_addsub_0_0/lpsc_mandelbot_iterator_c_addsub_0_0.xci</spirit:name>
        <spirit:userFileType>xci</spirit:userFileType>
        <spirit:userFileType>CELL_NAME_lpsc_mandelbot_iterator_i/sub_pow2_ZI_ZR</spirit:userFileType>
      </spirit:file>
      <spirit:file>
        <spirit:name>src/lpsc_mandelbot_iterator_slice_sign_pow2_ZnI_0/lpsc_mandelbot_iterator_slice_sign_pow2_ZnI_0.xci</spirit:name>
        <spirit:userFileType>xci</spirit:userFileType>
        <spirit:userFileType>CELL_NAME_lpsc_mandelbot_iterator_i/slice_sign_pow2_ZnR</spirit:userFileType>
      </spirit:file>
      <spirit:file>
        <spirit:name>src/lpsc_mandelbot_iterator_slice_sign_mul_ZI_ZR_1/lpsc_mandelbot_iterator_slice_sign_mul_ZI_ZR_1.xci</spirit:name>
        <spirit:userFileType>xci</spirit:userFileType>
        <spirit:userFileType>CELL_NAME_lpsc_mandelbot_iterator_i/slice_sign_pow2_ZnI</spirit:userFileType>
      </spirit:file>
      <spirit:file>
        <spirit:name>src/lpsc_mandelbot_iterator_slice_sign_mul_ZI_ZR_0/lpsc_mandelbot_iterator_slice_sign_mul_ZI_ZR_0.xci</spirit:name>
        <spirit:userFileType>xci</spirit:userFileType>
        <spirit:userFileType>CELL_NAME_lpsc_mandelbot_iterator_i/slice_sign_pow2_ZR</spirit:userFileType>
      </spirit:file>
      <spirit:file>
        <spirit:name>src/lpsc_mandelbot_iterator_slice_sign_pow2_ZR_0/lpsc_mandelbot_iterator_slice_sign_pow2_ZR_0.xci</spirit:name>
        <spirit:userFileType>xci</spirit:userFileType>
        <spirit:userFileType>CELL_NAME_lpsc_mandelbot_iterator_i/slice_sign_pow2_ZI</spirit:userFileType>
      </spirit:file>
      <spirit:file>
        <spirit:name>src/lpsc_mandelbot_iterator_xlslice_0_1/lpsc_mandelbot_iterator_xlslice_0_1.xci</spirit:name>
        <spirit:userFileType>xci</spirit:userFileType>
        <spirit:userFileType>CELL_NAME_lpsc_mandelbot_iterator_i/slice_sign_mul_ZI_ZR</spirit:userFileType>
      </spirit:file>
      <spirit:file>
        <spirit:name>src/lpsc_mandelbot_iterator_slice_mul_ZI_ZR_2/lpsc_mandelbot_iterator_slice_mul_ZI_ZR_2.xci</spirit:name>
        <spirit:userFileType>xci</spirit:userFileType>
        <spirit:userFileType>CELL_NAME_lpsc_mandelbot_iterator_i/slice_pow2_ZnR</spirit:userFileType>
      </spirit:file>
      <spirit:file>
        <spirit:name>src/lpsc_mandelbot_iterator_slice_mul_ZI_ZR_1/lpsc_mandelbot_iterator_slice_mul_ZI_ZR_1.xci</spirit:name>
        <spirit:userFileType>xci</spirit:userFileType>
        <spirit:userFileType>CELL_NAME_lpsc_mandelbot_iterator_i/slice_pow2_ZnI</spirit:userFileType>
      </spirit:file>
      <spirit:file>
        <spirit:name>src/lpsc_mandelbot_iterator_slice_mul_ZI_ZR_0/lpsc_mandelbot_iterator_slice_mul_ZI_ZR_0.xci</spirit:name>
        <spirit:userFileType>xci</spirit:userFileType>
        <spirit:userFileType>CELL_NAME_lpsc_mandelbot_iterator_i/slice_pow2_ZR</spirit:userFileType>
      </spirit:file>
      <spirit:file>
        <spirit:name>src/lpsc_mandelbot_iterator_slice_pow2_ZR_1/lpsc_mandelbot_iterator_slice_pow2_ZR_1.xci</spirit:name>
        <spirit:userFileType>xci</spirit:userFileType>
        <spirit:userFileType>CELL_NAME_lpsc_mandelbot_iterator_i/slice_pow2_ZI</spirit:userFileType>
      </spirit:file>
      <spirit:file>
        <spirit:name>src/lpsc_mandelbot_iterator_slice_mul_2_ZR_0/lpsc_mandelbot_iterator_slice_mul_2_ZR_0.xci</spirit:name>
        <spirit:userFileType>xci</spirit:userFileType>
        <spirit:userFileType>CELL_NAME_lpsc_mandelbot_iterator_i/slice_mul_ZI_ZR</spirit:userFileType>
      </spirit:file>
      <spirit:file>
        <spirit:name>src/lpsc_mandelbot_iterator_mult_power2_ZnI_0/lpsc_mandelbot_iterator_mult_power2_ZnI_0.xci</spirit:name>
        <spirit:userFileType>xci</spirit:userFileType>
        <spirit:userFileType>CELL_NAME_lpsc_mandelbot_iterator_i/mult_power2_ZnR</spirit:userFileType>
      </spirit:file>
      <spirit:file>
        <spirit:name>src/lpsc_mandelbot_iterator_mult_power2_ZI_0/lpsc_mandelbot_iterator_mult_power2_ZI_0.xci</spirit:name>
        <spirit:userFileType>xci</spirit:userFileType>
        <spirit:userFileType>CELL_NAME_lpsc_mandelbot_iterator_i/mult_power2_ZnI</spirit:userFileType>
      </spirit:file>
      <spirit:file>
        <spirit:name>src/lpsc_mandelbot_iterator_mult_gen_0_2/lpsc_mandelbot_iterator_mult_gen_0_2.xci</spirit:name>
        <spirit:userFileType>xci</spirit:userFileType>
        <spirit:userFileType>CELL_NAME_lpsc_mandelbot_iterator_i/mult_power2_ZR</spirit:userFileType>
      </spirit:file>
      <spirit:file>
        <spirit:name>src/lpsc_mandelbot_iterator_mult_power2_ZR_0/lpsc_mandelbot_iterator_mult_power2_ZR_0.xci</spirit:name>
        <spirit:userFileType>xci</spirit:userFileType>
        <spirit:userFileType>CELL_NAME_lpsc_mandelbot_iterator_i/mult_power2_ZI</spirit:userFileType>
      </spirit:file>
      <spirit:file>
        <spirit:name>src/lpsc_mandelbot_iterator_mult_2_ZR_0/lpsc_mandelbot_iterator_mult_2_ZR_0.xci</spirit:name>
        <spirit:userFileType>xci</spirit:userFileType>
        <spirit:userFileType>CELL_NAME_lpsc_mandelbot_iterator_i/mult_ZI_ZR</spirit:userFileType>
      </spirit:file>
      <spirit:file>
        <spirit:name>src/lpsc_mandelbot_iterator_c_addsub_0_1/lpsc_mandelbot_iterator_c_addsub_0_1.xci</spirit:name>
        <spirit:userFileType>xci</spirit:userFileType>
        <spirit:userFileType>CELL_NAME_lpsc_mandelbot_iterator_i/final_add_real</spirit:userFileType>
      </spirit:file>
      <spirit:file>
        <spirit:name>src/lpsc_mandelbot_iterator_c_addsub_0_2/lpsc_mandelbot_iterator_c_addsub_0_2.xci</spirit:name>
        <spirit:userFileType>xci</spirit:userFileType>
        <spirit:userFileType>CELL_NAME_lpsc_mandelbot_iterator_i/final_add_imaginary</spirit:userFileType>
      </spirit:file>
      <spirit:file>
        <spirit:name>src/lpsc_mandelbot_iterator_concat_pow2_ZnI_0/lpsc_mandelbot_iterator_concat_pow2_ZnI_0.xci</spirit:name>
        <spirit:userFileType>xci</spirit:userFileType>
        <spirit:userFileType>CELL_NAME_lpsc_mandelbot_iterator_i/concat_pow2_ZnR</spirit:userFileType>
      </spirit:file>
      <spirit:file>
        <spirit:name>src/lpsc_mandelbot_iterator_concat_mul_ZI_ZR_2/lpsc_mandelbot_iterator_concat_mul_ZI_ZR_2.xci</spirit:name>
        <spirit:userFileType>xci</spirit:userFileType>
        <spirit:userFileType>CELL_NAME_lpsc_mandelbot_iterator_i/concat_pow2_ZnI</spirit:userFileType>
      </spirit:file>
      <spirit:file>
        <spirit:name>src/lpsc_mandelbot_iterator_concat_mul_ZI_ZR_0/lpsc_mandelbot_iterator_concat_mul_ZI_ZR_0.xci</spirit:name>
        <spirit:userFileType>xci</spirit:userFileType>
        <spirit:userFileType>CELL_NAME_lpsc_mandelbot_iterator_i/concat_pow2_ZR</spirit:userFileType>
      </spirit:file>
      <spirit:file>
        <spirit:name>src/lpsc_mandelbot_iterator_concat_mul_ZI_ZR_1/lpsc_mandelbot_iterator_concat_mul_ZI_ZR_1.xci</spirit:name>
        <spirit:userFileType>xci</spirit:userFileType>
        <spirit:userFileType>CELL_NAME_lpsc_mandelbot_iterator_i/concat_pow2_ZI</spirit:userFileType>
      </spirit:file>
      <spirit:file>
        <spirit:name>src/lpsc_mandelbot_iterator_xlconcat_0_0/lpsc_mandelbot_iterator_xlconcat_0_0.xci</spirit:name>
        <spirit:userFileType>xci</spirit:userFileType>
        <spirit:userFileType>CELL_NAME_lpsc_mandelbot_iterator_i/concat_mul_ZI_ZR</spirit:userFileType>
      </spirit:file>
      <spirit:file>
        <spirit:name>src/lpsc_mandelbot_iterator_add_ZI_mul_ZR_0/lpsc_mandelbot_iterator_add_ZI_mul_ZR_0.xci</spirit:name>
        <spirit:userFileType>xci</spirit:userFileType>
        <spirit:userFileType>CELL_NAME_lpsc_mandelbot_iterator_i/add_ZnI_mul_ZnR</spirit:userFileType>
      </spirit:file>
      <spirit:file>
        <spirit:name>src/lpsc_mandelbot_iterator_final_add_imaginary_0/lpsc_mandelbot_iterator_final_add_imaginary_0.xci</spirit:name>
        <spirit:userFileType>xci</spirit:userFileType>
        <spirit:userFileType>CELL_NAME_lpsc_mandelbot_iterator_i/add_ZI_mul_ZR</spirit:userFileType>
      </spirit:file>
      <spirit:file>
        <spirit:name>src/lpsc_mandelbot_iterator_add_Iteration_Number1_0/lpsc_mandelbot_iterator_add_Iteration_Number1_0.xci</spirit:name>
        <spirit:userFileType>xci</spirit:userFileType>
        <spirit:userFileType>CELL_NAME_lpsc_mandelbot_iterator_i/add_Iteration_Number2</spirit:userFileType>
      </spirit:file>
      <spirit:file>
        <spirit:name>src/lpsc_mandelbot_iterator_add_Iteration_Number_0/lpsc_mandelbot_iterator_add_Iteration_Number_0.xci</spirit:name>
        <spirit:userFileType>xci</spirit:userFileType>
        <spirit:userFileType>CELL_NAME_lpsc_mandelbot_iterator_i/add_Iteration_Number1</spirit:userFileType>
      </spirit:file>
      <spirit:file>
        <spirit:name>src/lpsc_mandelbot_iterator_c_addsub_0_3/lpsc_mandelbot_iterator_c_addsub_0_3.xci</spirit:name>
        <spirit:userFileType>xci</spirit:userFileType>
        <spirit:userFileType>CELL_NAME_lpsc_mandelbot_iterator_i/add_Iteration_Number</spirit:userFileType>
      </spirit:file>
      <spirit:file>
        <spirit:name>src/work/lpsc_mandelbrot_calculator.vhd</spirit:name>
        <spirit:fileType>vhdlSource</spirit:fileType>
      </spirit:file>
    </spirit:fileSet>
    <spirit:fileSet>
      <spirit:name>xilinx_vhdlsimulationwrapper_view_fileset</spirit:name>
      <spirit:file>
        <spirit:name>sim/lpsc_mandelbrot_calculator_0.vhd</spirit:name>
        <spirit:fileType>vhdlSource</spirit:fileType>
        <spirit:logicalName>xil_defaultlib</spirit:logicalName>
      </spirit:file>
    </spirit:fileSet>
    <spirit:fileSet>
      <spirit:name>xilinx_testbench_view_fileset</spirit:name>
      <spirit:file>
        <spirit:name>work/src/work/tb_lpsc_mandelbrot_calculator.vhd</spirit:name>
        <spirit:fileType>vhdlSource</spirit:fileType>
        <spirit:userFileType>USED_IN_simulation</spirit:userFileType>
        <spirit:userFileType>USED_IN_testbench</spirit:userFileType>
        <spirit:logicalName>work</spirit:logicalName>
      </spirit:file>
    </spirit:fileSet>
    <spirit:fileSet>
      <spirit:name>xilinx_externalfiles_view_fileset</spirit:name>
      <spirit:file>
        <spirit:name>lpsc_mandelbrot_calculator_0.dcp</spirit:name>
        <spirit:userFileType>dcp</spirit:userFileType>
        <spirit:userFileType>USED_IN_implementation</spirit:userFileType>
        <spirit:userFileType>USED_IN_synthesis</spirit:userFileType>
        <spirit:logicalName>xil_defaultlib</spirit:logicalName>
      </spirit:file>
      <spirit:file>
        <spirit:name>lpsc_mandelbrot_calculator_0_stub.v</spirit:name>
        <spirit:fileType>verilogSource</spirit:fileType>
        <spirit:userFileType>USED_IN_synth_blackbox_stub</spirit:userFileType>
        <spirit:logicalName>xil_defaultlib</spirit:logicalName>
      </spirit:file>
      <spirit:file>
        <spirit:name>lpsc_mandelbrot_calculator_0_stub.vhdl</spirit:name>
        <spirit:fileType>vhdlSource</spirit:fileType>
        <spirit:userFileType>USED_IN_synth_blackbox_stub</spirit:userFileType>
        <spirit:logicalName>xil_defaultlib</spirit:logicalName>
      </spirit:file>
      <spirit:file>
        <spirit:name>lpsc_mandelbrot_calculator_0_sim_netlist.v</spirit:name>
        <spirit:fileType>verilogSource</spirit:fileType>
        <spirit:userFileType>USED_IN_simulation</spirit:userFileType>
        <spirit:userFileType>USED_IN_single_language</spirit:userFileType>
        <spirit:logicalName>xil_defaultlib</spirit:logicalName>
      </spirit:file>
      <spirit:file>
        <spirit:name>lpsc_mandelbrot_calculator_0_sim_netlist.vhdl</spirit:name>
        <spirit:fileType>vhdlSource</spirit:fileType>
        <spirit:userFileType>USED_IN_simulation</spirit:userFileType>
        <spirit:userFileType>USED_IN_single_language</spirit:userFileType>
        <spirit:logicalName>xil_defaultlib</spirit:logicalName>
      </spirit:file>
    </spirit:fileSet>
  </spirit:fileSets>
  <spirit:description>lpsc_mandelbrot_calculator_v1_0</spirit:description>
  <spirit:parameters>
    <spirit:parameter>
      <spirit:name>comma</spirit:name>
      <spirit:displayName>Comma</spirit:displayName>
      <spirit:value spirit:format="long" spirit:resolve="user" spirit:id="PARAM_VALUE.comma">14</spirit:value>
    </spirit:parameter>
    <spirit:parameter>
      <spirit:name>max_iter</spirit:name>
      <spirit:displayName>Max Iter</spirit:displayName>
      <spirit:value spirit:format="long" spirit:resolve="user" spirit:id="PARAM_VALUE.max_iter">127</spirit:value>
    </spirit:parameter>
    <spirit:parameter>
      <spirit:name>SIZE</spirit:name>
      <spirit:displayName>Size</spirit:displayName>
      <spirit:value spirit:format="long" spirit:resolve="user" spirit:id="PARAM_VALUE.SIZE">18</spirit:value>
    </spirit:parameter>
    <spirit:parameter>
      <spirit:name>Component_Name</spirit:name>
      <spirit:value spirit:resolve="user" spirit:id="PARAM_VALUE.Component_Name" spirit:order="1">lpsc_mandelbrot_calculator_0</spirit:value>
    </spirit:parameter>
  </spirit:parameters>
  <spirit:vendorExtensions>
    <xilinx:coreExtensions>
      <xilinx:displayName>lpsc_mandelbrot_calculator_v1_0</xilinx:displayName>
      <xilinx:definitionSource>package_project</xilinx:definitionSource>
      <xilinx:coreRevision>2</xilinx:coreRevision>
      <xilinx:tags>
        <xilinx:tag xilinx:name="ui.data.coregen.df@57cbde03_ARCHIVE_LOCATION">/home/pierrick/LPSC_workspace/lpsc-mandelbrot/external_src/IPs</xilinx:tag>
        <xilinx:tag xilinx:name="ui.data.coregen.df@76f0bf56_ARCHIVE_LOCATION">/home/pierrick/LPSC_workspace/lpsc-mandelbrot/external_src/IPs</xilinx:tag>
        <xilinx:tag xilinx:name="ui.data.coregen.df@7e0c16dd_ARCHIVE_LOCATION">/home/pierrick/LPSC_workspace/lpsc-mandelbrot/external_src/IPs</xilinx:tag>
        <xilinx:tag xilinx:name="ui.data.coregen.df@4b1300c5_ARCHIVE_LOCATION">/home/pierrick/LPSC_workspace/lpsc-mandelbrot/external_src/IPs</xilinx:tag>
        <xilinx:tag xilinx:name="ui.data.coregen.df@7eb9c540_ARCHIVE_LOCATION">/home/pierrick/LPSC_workspace/lpsc-mandelbrot/external_src/IPs</xilinx:tag>
        <xilinx:tag xilinx:name="ui.data.coregen.df@52404340_ARCHIVE_LOCATION">/home/pierrick/LPSC_workspace/lpsc-mandelbrot/external_src/IPs</xilinx:tag>
        <xilinx:tag xilinx:name="ui.data.coregen.df@6f5b8022_ARCHIVE_LOCATION">/home/pierrick/LPSC_workspace/lpsc-mandelbrot/external_src/IPs</xilinx:tag>
        <xilinx:tag xilinx:name="ui.data.coregen.df@300c3b40_ARCHIVE_LOCATION">/home/pierrick/LPSC_workspace/lpsc-mandelbrot/external_src/IPs</xilinx:tag>
        <xilinx:tag xilinx:name="ui.data.coregen.df@5ca681c0_ARCHIVE_LOCATION">/home/pierrick/LPSC_workspace/lpsc-mandelbrot/external_src/IPs</xilinx:tag>
        <xilinx:tag xilinx:name="ui.data.coregen.df@654b8715_ARCHIVE_LOCATION">/home/pierrick/LPSC_workspace/lpsc-mandelbrot/external_src/IPs</xilinx:tag>
        <xilinx:tag xilinx:name="ui.data.coregen.df@16b225a7_ARCHIVE_LOCATION">/home/pierrick/LPSC_workspace/lpsc-mandelbrot/external_src/IPs</xilinx:tag>
        <xilinx:tag xilinx:name="ui.data.coregen.df@8c659d2_ARCHIVE_LOCATION">/home/pierrick/LPSC_workspace/lpsc-mandelbrot/external_src/IPs</xilinx:tag>
        <xilinx:tag xilinx:name="ui.data.coregen.df@3dd3a344_ARCHIVE_LOCATION">/home/pierrick/LPSC_workspace/lpsc-mandelbrot/external_src/IPs</xilinx:tag>
        <xilinx:tag xilinx:name="ui.data.coregen.df@596f7654_ARCHIVE_LOCATION">/home/pierrick/LPSC_workspace/lpsc-mandelbrot/external_src/IPs</xilinx:tag>
        <xilinx:tag xilinx:name="ui.data.coregen.df@47ac96_ARCHIVE_LOCATION">/home/pierrick/LPSC_workspace/lpsc-mandelbrot/external_src/IPs</xilinx:tag>
        <xilinx:tag xilinx:name="ui.data.coregen.df@5dc3d4c1_ARCHIVE_LOCATION">/home/pierrick/LPSC_workspace/lpsc-mandelbrot/external_src/IPs</xilinx:tag>
        <xilinx:tag xilinx:name="ui.data.coregen.df@75fd1025_ARCHIVE_LOCATION">/home/pierrick/LPSC_workspace/lpsc-mandelbrot/external_src/IPs</xilinx:tag>
        <xilinx:tag xilinx:name="ui.data.coregen.df@56b3aa3e_ARCHIVE_LOCATION">/home/pierrick/LPSC_workspace/lpsc-mandelbrot/external_src/IPs</xilinx:tag>
        <xilinx:tag xilinx:name="ui.data.coregen.df@337f3f60_ARCHIVE_LOCATION">/home/pierrick/LPSC_workspace/lpsc-mandelbrot/external_src/IPs</xilinx:tag>
        <xilinx:tag xilinx:name="ui.data.coregen.df@3483377_ARCHIVE_LOCATION">/home/pierrick/LPSC_workspace/lpsc-mandelbrot/external_src/IPs</xilinx:tag>
        <xilinx:tag xilinx:name="ui.data.coregen.df@115fb596_ARCHIVE_LOCATION">/home/pierrick/LPSC_workspace/lpsc-mandelbrot/external_src/IPs</xilinx:tag>
        <xilinx:tag xilinx:name="ui.data.coregen.df@5d0fd42f_ARCHIVE_LOCATION">/home/pierrick/LPSC_workspace/lpsc-mandelbrot/external_src/IPs</xilinx:tag>
        <xilinx:tag xilinx:name="ui.data.coregen.df@f477cfe_ARCHIVE_LOCATION">/home/pierrick/LPSC_workspace/lpsc-mandelbrot/external_src/IPs</xilinx:tag>
        <xilinx:tag xilinx:name="ui.data.coregen.df@3a193015_ARCHIVE_LOCATION">/home/pierrick/LPSC_workspace/lpsc-mandelbrot/external_src/IPs</xilinx:tag>
      </xilinx:tags>
    </xilinx:coreExtensions>
    <xilinx:packagingInfo>
      <xilinx:xilinxVersion>2021.2</xilinx:xilinxVersion>
      <xilinx:checksum xilinx:scope="busInterfaces" xilinx:value="5023dd19"/>
      <xilinx:checksum xilinx:scope="fileGroups" xilinx:value="94c4dd31"/>
      <xilinx:checksum xilinx:scope="ports" xilinx:value="c3aff7e1"/>
      <xilinx:checksum xilinx:scope="hdlParameters" xilinx:value="a5008bad"/>
      <xilinx:checksum xilinx:scope="parameters" xilinx:value="9ecee093"/>
    </xilinx:packagingInfo>
  </spirit:vendorExtensions>
</spirit:component>
