<?xml version="1.0" encoding="UTF-8"?>
<GenRun Id="lpsc_mandelbrot_calculator_0_synth_1" LaunchPart="xc7a200tsbg484-1" LaunchTime="1652554124">
  <File Type="REPORTS-TCL" Name="lpsc_mandelbrot_calculator_0_reports.tcl"/>
  <File Type="PA-TCL" Name="lpsc_mandelbrot_calculator_0.tcl"/>
  <File Type="RDS-DCP" Name="lpsc_mandelbrot_calculator_0.dcp"/>
  <File Type="RDS-RDS" Name="lpsc_mandelbrot_calculator_0.vds"/>
  <FileSet Name="sources" Type="BlockSrcs" RelSrcDir="$PSRCDIR/lpsc_mandelbrot_calculator_0">
    <File Path="$PSRCDIR/sources_1/ip/lpsc_mandelbrot_calculator_0_3/lpsc_mandelbrot_calculator_0.xci">
      <FileInfo>
        <Attr Name="UsedIn" Val="synthesis"/>
        <Attr Name="UsedIn" Val="implementation"/>
        <Attr Name="UsedIn" Val="simulation"/>
      </FileInfo>
    </File>
    <Config>
      <Option Name="TopModule" Val="lpsc_mandelbrot_calculator_0"/>
      <Option Name="UseBlackboxStub" Val="1"/>
    </Config>
  </FileSet>
  <FileSet Name="constrs_in" Type="BlockSrcs" RelSrcDir="$PSRCDIR/lpsc_mandelbrot_calculator_0">
    <File Path="$PSRCDIR/sources_1/ip/lpsc_mandelbrot_calculator_0_3/lpsc_mandelbrot_calculator_0.xci">
      <FileInfo>
        <Attr Name="UsedIn" Val="synthesis"/>
        <Attr Name="UsedIn" Val="implementation"/>
        <Attr Name="UsedIn" Val="simulation"/>
      </FileInfo>
    </File>
    <Config>
      <Option Name="TopModule" Val="lpsc_mandelbrot_calculator_0"/>
      <Option Name="UseBlackboxStub" Val="1"/>
    </Config>
  </FileSet>
  <FileSet Name="utils" Type="Utils" RelSrcDir="$PSRCDIR/utils_1">
    <Filter Type="Utils"/>
    <File Path="$PSRCDIR/utils_1/imports/synth_1/lpsc_mandelbrot_firmware.dcp">
      <FileInfo>
        <Attr Name="UsedIn" Val="synthesis"/>
        <Attr Name="UsedIn" Val="implementation"/>
        <Attr Name="UsedInSteps" Val="synth_1"/>
        <Attr Name="AutoDcp" Val="1"/>
      </FileInfo>
    </File>
    <Config>
      <Option Name="TopAutoSet" Val="TRUE"/>
    </Config>
  </FileSet>
  <Strategy Version="1" Minor="2">
    <StratHandle Name="Vivado Synthesis Defaults" Flow="Vivado Synthesis 2021"/>
    <Step Id="synth_design"/>
  </Strategy>
</GenRun>
