<?xml version="1.0" encoding="UTF-8"?>
<spirit:component xmlns:xilinx="http://www.xilinx.com" xmlns:spirit="http://www.spiritconsortium.org/XMLSchema/SPIRIT/1685-2009" xmlns:xsi="http://www.w3.org/2001/XMLSchema-instance">
  <spirit:vendor>xilinx.com</spirit:vendor>
  <spirit:library>customized_ip</spirit:library>
  <spirit:name>lpsc_mandelbot_iterator_c_addsub_0_2</spirit:name>
  <spirit:version>1.0</spirit:version>
  <spirit:busInterfaces>
    <spirit:busInterface>
      <spirit:name>a_intf</spirit:name>
      <spirit:busType spirit:vendor="xilinx.com" spirit:library="signal" spirit:name="data" spirit:version="1.0"/>
      <spirit:abstractionType spirit:vendor="xilinx.com" spirit:library="signal" spirit:name="data_rtl" spirit:version="1.0"/>
      <spirit:slave/>
      <spirit:portMaps>
        <spirit:portMap>
          <spirit:logicalPort>
            <spirit:name>DATA</spirit:name>
          </spirit:logicalPort>
          <spirit:physicalPort>
            <spirit:name>A</spirit:name>
          </spirit:physicalPort>
        </spirit:portMap>
      </spirit:portMaps>
      <spirit:parameters>
        <spirit:parameter>
          <spirit:name>LAYERED_METADATA</spirit:name>
          <spirit:value spirit:resolve="generated" spirit:id="BUSIFPARAM_VALUE.A_INTF.LAYERED_METADATA">undef</spirit:value>
          <spirit:vendorExtensions>
            <xilinx:parameterInfo>
              <xilinx:parameterUsage>none</xilinx:parameterUsage>
            </xilinx:parameterInfo>
          </spirit:vendorExtensions>
        </spirit:parameter>
      </spirit:parameters>
    </spirit:busInterface>
    <spirit:busInterface>
      <spirit:name>clk_intf</spirit:name>
      <spirit:busType spirit:vendor="xilinx.com" spirit:library="signal" spirit:name="clock" spirit:version="1.0"/>
      <spirit:abstractionType spirit:vendor="xilinx.com" spirit:library="signal" spirit:name="clock_rtl" spirit:version="1.0"/>
      <spirit:slave/>
      <spirit:portMaps>
        <spirit:portMap>
          <spirit:logicalPort>
            <spirit:name>CLK</spirit:name>
          </spirit:logicalPort>
          <spirit:physicalPort>
            <spirit:name>CLK</spirit:name>
          </spirit:physicalPort>
        </spirit:portMap>
      </spirit:portMaps>
      <spirit:parameters>
        <spirit:parameter>
          <spirit:name>ASSOCIATED_BUSIF</spirit:name>
          <spirit:value spirit:id="BUSIFPARAM_VALUE.CLK_INTF.ASSOCIATED_BUSIF">s_intf:c_out_intf:sinit_intf:sset_intf:bypass_intf:c_in_intf:add_intf:b_intf:a_intf</spirit:value>
        </spirit:parameter>
        <spirit:parameter>
          <spirit:name>ASSOCIATED_RESET</spirit:name>
          <spirit:value spirit:id="BUSIFPARAM_VALUE.CLK_INTF.ASSOCIATED_RESET">SCLR</spirit:value>
        </spirit:parameter>
        <spirit:parameter>
          <spirit:name>ASSOCIATED_CLKEN</spirit:name>
          <spirit:value spirit:id="BUSIFPARAM_VALUE.CLK_INTF.ASSOCIATED_CLKEN">CE</spirit:value>
        </spirit:parameter>
        <spirit:parameter>
          <spirit:name>FREQ_HZ</spirit:name>
          <spirit:displayName>clk</spirit:displayName>
          <spirit:value spirit:format="long" spirit:resolve="user" spirit:id="BUSIFPARAM_VALUE.CLK_INTF.FREQ_HZ">100000000</spirit:value>
        </spirit:parameter>
        <spirit:parameter>
          <spirit:name>FREQ_TOLERANCE_HZ</spirit:name>
          <spirit:value spirit:format="long" spirit:resolve="generated" spirit:id="BUSIFPARAM_VALUE.CLK_INTF.FREQ_TOLERANCE_HZ">0</spirit:value>
          <spirit:vendorExtensions>
            <xilinx:parameterInfo>
              <xilinx:parameterUsage>none</xilinx:parameterUsage>
            </xilinx:parameterInfo>
          </spirit:vendorExtensions>
        </spirit:parameter>
        <spirit:parameter>
          <spirit:name>PHASE</spirit:name>
          <spirit:value spirit:format="float" spirit:resolve="generated" spirit:id="BUSIFPARAM_VALUE.CLK_INTF.PHASE">0.0</spirit:value>
          <spirit:vendorExtensions>
            <xilinx:parameterInfo>
              <xilinx:parameterUsage>none</xilinx:parameterUsage>
            </xilinx:parameterInfo>
          </spirit:vendorExtensions>
        </spirit:parameter>
        <spirit:parameter>
          <spirit:name>CLK_DOMAIN</spirit:name>
          <spirit:value spirit:resolve="generated" spirit:id="BUSIFPARAM_VALUE.CLK_INTF.CLK_DOMAIN">lpsc_mandelbot_iterator_clk</spirit:value>
          <spirit:vendorExtensions>
            <xilinx:parameterInfo>
              <xilinx:parameterUsage>none</xilinx:parameterUsage>
            </xilinx:parameterInfo>
          </spirit:vendorExtensions>
        </spirit:parameter>
        <spirit:parameter>
          <spirit:name>ASSOCIATED_PORT</spirit:name>
          <spirit:value spirit:resolve="generated" spirit:id="BUSIFPARAM_VALUE.CLK_INTF.ASSOCIATED_PORT"/>
          <spirit:vendorExtensions>
            <xilinx:parameterInfo>
              <xilinx:parameterUsage>none</xilinx:parameterUsage>
            </xilinx:parameterInfo>
          </spirit:vendorExtensions>
        </spirit:parameter>
        <spirit:parameter>
          <spirit:name>INSERT_VIP</spirit:name>
          <spirit:value spirit:format="long" spirit:resolve="user" spirit:id="BUSIFPARAM_VALUE.CLK_INTF.INSERT_VIP">0</spirit:value>
          <spirit:vendorExtensions>
            <xilinx:parameterInfo>
              <xilinx:parameterUsage>simulation.rtl</xilinx:parameterUsage>
            </xilinx:parameterInfo>
          </spirit:vendorExtensions>
        </spirit:parameter>
      </spirit:parameters>
    </spirit:busInterface>
    <spirit:busInterface>
      <spirit:name>sclr_intf</spirit:name>
      <spirit:busType spirit:vendor="xilinx.com" spirit:library="signal" spirit:name="reset" spirit:version="1.0"/>
      <spirit:abstractionType spirit:vendor="xilinx.com" spirit:library="signal" spirit:name="reset_rtl" spirit:version="1.0"/>
      <spirit:slave/>
      <spirit:portMaps>
        <spirit:portMap>
          <spirit:logicalPort>
            <spirit:name>RST</spirit:name>
          </spirit:logicalPort>
          <spirit:physicalPort>
            <spirit:name>SCLR</spirit:name>
          </spirit:physicalPort>
        </spirit:portMap>
      </spirit:portMaps>
      <spirit:parameters>
        <spirit:parameter>
          <spirit:name>POLARITY</spirit:name>
          <spirit:value spirit:id="BUSIFPARAM_VALUE.SCLR_INTF.POLARITY">ACTIVE_HIGH</spirit:value>
        </spirit:parameter>
        <spirit:parameter>
          <spirit:name>INSERT_VIP</spirit:name>
          <spirit:value spirit:format="long" spirit:resolve="user" spirit:id="BUSIFPARAM_VALUE.SCLR_INTF.INSERT_VIP">0</spirit:value>
          <spirit:vendorExtensions>
            <xilinx:parameterInfo>
              <xilinx:parameterUsage>simulation.rtl</xilinx:parameterUsage>
            </xilinx:parameterInfo>
          </spirit:vendorExtensions>
        </spirit:parameter>
      </spirit:parameters>
    </spirit:busInterface>
    <spirit:busInterface>
      <spirit:name>ce_intf</spirit:name>
      <spirit:busType spirit:vendor="xilinx.com" spirit:library="signal" spirit:name="clockenable" spirit:version="1.0"/>
      <spirit:abstractionType spirit:vendor="xilinx.com" spirit:library="signal" spirit:name="clockenable_rtl" spirit:version="1.0"/>
      <spirit:slave/>
      <spirit:portMaps>
        <spirit:portMap>
          <spirit:logicalPort>
            <spirit:name>CE</spirit:name>
          </spirit:logicalPort>
          <spirit:physicalPort>
            <spirit:name>CE</spirit:name>
          </spirit:physicalPort>
        </spirit:portMap>
      </spirit:portMaps>
      <spirit:parameters>
        <spirit:parameter>
          <spirit:name>POLARITY</spirit:name>
          <spirit:value spirit:id="BUSIFPARAM_VALUE.CE_INTF.POLARITY">ACTIVE_HIGH</spirit:value>
        </spirit:parameter>
      </spirit:parameters>
    </spirit:busInterface>
    <spirit:busInterface>
      <spirit:name>b_intf</spirit:name>
      <spirit:busType spirit:vendor="xilinx.com" spirit:library="signal" spirit:name="data" spirit:version="1.0"/>
      <spirit:abstractionType spirit:vendor="xilinx.com" spirit:library="signal" spirit:name="data_rtl" spirit:version="1.0"/>
      <spirit:slave/>
      <spirit:portMaps>
        <spirit:portMap>
          <spirit:logicalPort>
            <spirit:name>DATA</spirit:name>
          </spirit:logicalPort>
          <spirit:physicalPort>
            <spirit:name>B</spirit:name>
          </spirit:physicalPort>
        </spirit:portMap>
      </spirit:portMaps>
      <spirit:parameters>
        <spirit:parameter>
          <spirit:name>LAYERED_METADATA</spirit:name>
          <spirit:value spirit:resolve="generated" spirit:id="BUSIFPARAM_VALUE.B_INTF.LAYERED_METADATA">xilinx.com:interface:datatypes:1.0 {DATA {datatype {name {attribs {resolve_type immediate dependency {} format string minimum {} maximum {}} value data} bitwidth {attribs {resolve_type generated dependency bitwidth format long minimum {} maximum {}} value 18} bitoffset {attribs {resolve_type immediate dependency {} format long minimum {} maximum {}} value 0} integer {signed {attribs {resolve_type generated dependency signed format bool minimum {} maximum {}} value TRUE}}}} DATA_WIDTH 18}</spirit:value>
          <spirit:vendorExtensions>
            <xilinx:parameterInfo>
              <xilinx:parameterUsage>none</xilinx:parameterUsage>
            </xilinx:parameterInfo>
          </spirit:vendorExtensions>
        </spirit:parameter>
      </spirit:parameters>
    </spirit:busInterface>
    <spirit:busInterface>
      <spirit:name>add_intf</spirit:name>
      <spirit:busType spirit:vendor="xilinx.com" spirit:library="signal" spirit:name="data" spirit:version="1.0"/>
      <spirit:abstractionType spirit:vendor="xilinx.com" spirit:library="signal" spirit:name="data_rtl" spirit:version="1.0"/>
      <spirit:slave/>
      <spirit:portMaps>
        <spirit:portMap>
          <spirit:logicalPort>
            <spirit:name>DATA</spirit:name>
          </spirit:logicalPort>
          <spirit:physicalPort>
            <spirit:name>ADD</spirit:name>
          </spirit:physicalPort>
        </spirit:portMap>
      </spirit:portMaps>
      <spirit:parameters>
        <spirit:parameter>
          <spirit:name>LAYERED_METADATA</spirit:name>
          <spirit:value spirit:resolve="generated" spirit:id="BUSIFPARAM_VALUE.ADD_INTF.LAYERED_METADATA">undef</spirit:value>
          <spirit:vendorExtensions>
            <xilinx:parameterInfo>
              <xilinx:parameterUsage>none</xilinx:parameterUsage>
            </xilinx:parameterInfo>
          </spirit:vendorExtensions>
        </spirit:parameter>
      </spirit:parameters>
    </spirit:busInterface>
    <spirit:busInterface>
      <spirit:name>c_in_intf</spirit:name>
      <spirit:busType spirit:vendor="xilinx.com" spirit:library="signal" spirit:name="data" spirit:version="1.0"/>
      <spirit:abstractionType spirit:vendor="xilinx.com" spirit:library="signal" spirit:name="data_rtl" spirit:version="1.0"/>
      <spirit:slave/>
      <spirit:portMaps>
        <spirit:portMap>
          <spirit:logicalPort>
            <spirit:name>DATA</spirit:name>
          </spirit:logicalPort>
          <spirit:physicalPort>
            <spirit:name>C_IN</spirit:name>
          </spirit:physicalPort>
        </spirit:portMap>
      </spirit:portMaps>
      <spirit:parameters>
        <spirit:parameter>
          <spirit:name>LAYERED_METADATA</spirit:name>
          <spirit:value spirit:resolve="generated" spirit:id="BUSIFPARAM_VALUE.C_IN_INTF.LAYERED_METADATA">undef</spirit:value>
          <spirit:vendorExtensions>
            <xilinx:parameterInfo>
              <xilinx:parameterUsage>none</xilinx:parameterUsage>
            </xilinx:parameterInfo>
          </spirit:vendorExtensions>
        </spirit:parameter>
      </spirit:parameters>
    </spirit:busInterface>
    <spirit:busInterface>
      <spirit:name>bypass_intf</spirit:name>
      <spirit:busType spirit:vendor="xilinx.com" spirit:library="signal" spirit:name="data" spirit:version="1.0"/>
      <spirit:abstractionType spirit:vendor="xilinx.com" spirit:library="signal" spirit:name="data_rtl" spirit:version="1.0"/>
      <spirit:slave/>
      <spirit:portMaps>
        <spirit:portMap>
          <spirit:logicalPort>
            <spirit:name>DATA</spirit:name>
          </spirit:logicalPort>
          <spirit:physicalPort>
            <spirit:name>BYPASS</spirit:name>
          </spirit:physicalPort>
        </spirit:portMap>
      </spirit:portMaps>
      <spirit:parameters>
        <spirit:parameter>
          <spirit:name>LAYERED_METADATA</spirit:name>
          <spirit:value spirit:resolve="generated" spirit:id="BUSIFPARAM_VALUE.BYPASS_INTF.LAYERED_METADATA">undef</spirit:value>
          <spirit:vendorExtensions>
            <xilinx:parameterInfo>
              <xilinx:parameterUsage>none</xilinx:parameterUsage>
            </xilinx:parameterInfo>
          </spirit:vendorExtensions>
        </spirit:parameter>
      </spirit:parameters>
    </spirit:busInterface>
    <spirit:busInterface>
      <spirit:name>sset_intf</spirit:name>
      <spirit:busType spirit:vendor="xilinx.com" spirit:library="signal" spirit:name="data" spirit:version="1.0"/>
      <spirit:abstractionType spirit:vendor="xilinx.com" spirit:library="signal" spirit:name="data_rtl" spirit:version="1.0"/>
      <spirit:slave/>
      <spirit:portMaps>
        <spirit:portMap>
          <spirit:logicalPort>
            <spirit:name>DATA</spirit:name>
          </spirit:logicalPort>
          <spirit:physicalPort>
            <spirit:name>SSET</spirit:name>
          </spirit:physicalPort>
        </spirit:portMap>
      </spirit:portMaps>
      <spirit:parameters>
        <spirit:parameter>
          <spirit:name>LAYERED_METADATA</spirit:name>
          <spirit:value spirit:resolve="generated" spirit:id="BUSIFPARAM_VALUE.SSET_INTF.LAYERED_METADATA">undef</spirit:value>
          <spirit:vendorExtensions>
            <xilinx:parameterInfo>
              <xilinx:parameterUsage>none</xilinx:parameterUsage>
            </xilinx:parameterInfo>
          </spirit:vendorExtensions>
        </spirit:parameter>
      </spirit:parameters>
    </spirit:busInterface>
    <spirit:busInterface>
      <spirit:name>sinit_intf</spirit:name>
      <spirit:busType spirit:vendor="xilinx.com" spirit:library="signal" spirit:name="data" spirit:version="1.0"/>
      <spirit:abstractionType spirit:vendor="xilinx.com" spirit:library="signal" spirit:name="data_rtl" spirit:version="1.0"/>
      <spirit:slave/>
      <spirit:portMaps>
        <spirit:portMap>
          <spirit:logicalPort>
            <spirit:name>DATA</spirit:name>
          </spirit:logicalPort>
          <spirit:physicalPort>
            <spirit:name>SINIT</spirit:name>
          </spirit:physicalPort>
        </spirit:portMap>
      </spirit:portMaps>
      <spirit:parameters>
        <spirit:parameter>
          <spirit:name>LAYERED_METADATA</spirit:name>
          <spirit:value spirit:resolve="generated" spirit:id="BUSIFPARAM_VALUE.SINIT_INTF.LAYERED_METADATA">undef</spirit:value>
          <spirit:vendorExtensions>
            <xilinx:parameterInfo>
              <xilinx:parameterUsage>none</xilinx:parameterUsage>
            </xilinx:parameterInfo>
          </spirit:vendorExtensions>
        </spirit:parameter>
      </spirit:parameters>
    </spirit:busInterface>
    <spirit:busInterface>
      <spirit:name>c_out_intf</spirit:name>
      <spirit:busType spirit:vendor="xilinx.com" spirit:library="signal" spirit:name="data" spirit:version="1.0"/>
      <spirit:abstractionType spirit:vendor="xilinx.com" spirit:library="signal" spirit:name="data_rtl" spirit:version="1.0"/>
      <spirit:master/>
      <spirit:portMaps>
        <spirit:portMap>
          <spirit:logicalPort>
            <spirit:name>DATA</spirit:name>
          </spirit:logicalPort>
          <spirit:physicalPort>
            <spirit:name>C_OUT</spirit:name>
          </spirit:physicalPort>
        </spirit:portMap>
      </spirit:portMaps>
      <spirit:parameters>
        <spirit:parameter>
          <spirit:name>LAYERED_METADATA</spirit:name>
          <spirit:value spirit:resolve="generated" spirit:id="BUSIFPARAM_VALUE.C_OUT_INTF.LAYERED_METADATA">undef</spirit:value>
          <spirit:vendorExtensions>
            <xilinx:parameterInfo>
              <xilinx:parameterUsage>none</xilinx:parameterUsage>
            </xilinx:parameterInfo>
          </spirit:vendorExtensions>
        </spirit:parameter>
      </spirit:parameters>
    </spirit:busInterface>
    <spirit:busInterface>
      <spirit:name>s_intf</spirit:name>
      <spirit:busType spirit:vendor="xilinx.com" spirit:library="signal" spirit:name="data" spirit:version="1.0"/>
      <spirit:abstractionType spirit:vendor="xilinx.com" spirit:library="signal" spirit:name="data_rtl" spirit:version="1.0"/>
      <spirit:master/>
      <spirit:portMaps>
        <spirit:portMap>
          <spirit:logicalPort>
            <spirit:name>DATA</spirit:name>
          </spirit:logicalPort>
          <spirit:physicalPort>
            <spirit:name>S</spirit:name>
          </spirit:physicalPort>
        </spirit:portMap>
      </spirit:portMaps>
      <spirit:parameters>
        <spirit:parameter>
          <spirit:name>LAYERED_METADATA</spirit:name>
          <spirit:value spirit:resolve="generated" spirit:id="BUSIFPARAM_VALUE.S_INTF.LAYERED_METADATA">xilinx.com:interface:datatypes:1.0 {DATA {datatype {name {attribs {resolve_type immediate dependency {} format string minimum {} maximum {}} value data} bitwidth {attribs {resolve_type generated dependency bitwidth format long minimum {} maximum {}} value 18} bitoffset {attribs {resolve_type immediate dependency {} format long minimum {} maximum {}} value 0} integer {signed {attribs {resolve_type generated dependency signed format bool minimum {} maximum {}} value TRUE}}}} DATA_WIDTH 18}</spirit:value>
          <spirit:vendorExtensions>
            <xilinx:parameterInfo>
              <xilinx:parameterUsage>none</xilinx:parameterUsage>
            </xilinx:parameterInfo>
          </spirit:vendorExtensions>
        </spirit:parameter>
      </spirit:parameters>
    </spirit:busInterface>
  </spirit:busInterfaces>
  <spirit:model>
    <spirit:views>
      <spirit:view>
        <spirit:name>xilinx_vhdlsynthesis</spirit:name>
        <spirit:displayName>VHDL Synthesis</spirit:displayName>
        <spirit:envIdentifier>vhdlSource:vivado.xilinx.com:synthesis</spirit:envIdentifier>
        <spirit:language>vhdl</spirit:language>
        <spirit:modelName>c_addsub_v12_0_14</spirit:modelName>
        <spirit:fileSetRef>
          <spirit:localName>xilinx_vhdlsynthesis_xilinx_com_ip_xbip_utils_3_0__ref_view_fileset</spirit:localName>
        </spirit:fileSetRef>
        <spirit:fileSetRef>
          <spirit:localName>xilinx_vhdlsynthesis_xilinx_com_ip_c_reg_fd_12_0__ref_view_fileset</spirit:localName>
        </spirit:fileSetRef>
        <spirit:fileSetRef>
          <spirit:localName>xilinx_vhdlsynthesis_xilinx_com_ip_xbip_dsp48_wrapper_3_0__ref_view_fileset</spirit:localName>
        </spirit:fileSetRef>
        <spirit:fileSetRef>
          <spirit:localName>xilinx_vhdlsynthesis_xilinx_com_ip_xbip_pipe_3_0__ref_view_fileset</spirit:localName>
        </spirit:fileSetRef>
        <spirit:fileSetRef>
          <spirit:localName>xilinx_vhdlsynthesis_xilinx_com_ip_xbip_dsp48_addsub_3_0__ref_view_fileset</spirit:localName>
        </spirit:fileSetRef>
        <spirit:fileSetRef>
          <spirit:localName>xilinx_vhdlsynthesis_xilinx_com_ip_xbip_addsub_3_0__ref_view_fileset</spirit:localName>
        </spirit:fileSetRef>
        <spirit:fileSetRef>
          <spirit:localName>xilinx_vhdlsynthesis_view_fileset</spirit:localName>
        </spirit:fileSetRef>
        <spirit:parameters>
          <spirit:parameter>
            <spirit:name>GENtimestamp</spirit:name>
            <spirit:value>Sat May 14 18:27:41 UTC 2022</spirit:value>
          </spirit:parameter>
          <spirit:parameter>
            <spirit:name>outputProductCRC</spirit:name>
            <spirit:value>9:1b84a6f1</spirit:value>
          </spirit:parameter>
        </spirit:parameters>
      </spirit:view>
      <spirit:view>
        <spirit:name>xilinx_synthesisconstraints</spirit:name>
        <spirit:displayName>Synthesis Constraints</spirit:displayName>
        <spirit:envIdentifier>:vivado.xilinx.com:synthesis.constraints</spirit:envIdentifier>
        <spirit:parameters>
          <spirit:parameter>
            <spirit:name>outputProductCRC</spirit:name>
            <spirit:value>9:1b84a6f1</spirit:value>
          </spirit:parameter>
        </spirit:parameters>
      </spirit:view>
      <spirit:view>
        <spirit:name>xilinx_vhdlsynthesiswrapper</spirit:name>
        <spirit:displayName>VHDL Synthesis Wrapper</spirit:displayName>
        <spirit:envIdentifier>vhdlSource:vivado.xilinx.com:synthesis.wrapper</spirit:envIdentifier>
        <spirit:language>vhdl</spirit:language>
        <spirit:modelName>lpsc_mandelbot_iterator_c_addsub_0_2</spirit:modelName>
        <spirit:fileSetRef>
          <spirit:localName>xilinx_vhdlsynthesiswrapper_view_fileset</spirit:localName>
        </spirit:fileSetRef>
        <spirit:parameters>
          <spirit:parameter>
            <spirit:name>GENtimestamp</spirit:name>
            <spirit:value>Sat May 14 18:27:41 UTC 2022</spirit:value>
          </spirit:parameter>
          <spirit:parameter>
            <spirit:name>outputProductCRC</spirit:name>
            <spirit:value>9:1b84a6f1</spirit:value>
          </spirit:parameter>
        </spirit:parameters>
      </spirit:view>
      <spirit:view>
        <spirit:name>xilinx_vhdlbehavioralsimulation</spirit:name>
        <spirit:displayName>VHDL Simulation</spirit:displayName>
        <spirit:envIdentifier>vhdlSource:vivado.xilinx.com:simulation</spirit:envIdentifier>
        <spirit:language>vhdl</spirit:language>
        <spirit:modelName>c_addsub_v12_0_14</spirit:modelName>
        <spirit:fileSetRef>
          <spirit:localName>xilinx_vhdlbehavioralsimulation_xilinx_com_ip_xbip_utils_3_0__ref_view_fileset</spirit:localName>
        </spirit:fileSetRef>
        <spirit:fileSetRef>
          <spirit:localName>xilinx_vhdlbehavioralsimulation_xilinx_com_ip_c_reg_fd_12_0__ref_view_fileset</spirit:localName>
        </spirit:fileSetRef>
        <spirit:fileSetRef>
          <spirit:localName>xilinx_vhdlbehavioralsimulation_xilinx_com_ip_xbip_dsp48_wrapper_3_0__ref_view_fileset</spirit:localName>
        </spirit:fileSetRef>
        <spirit:fileSetRef>
          <spirit:localName>xilinx_vhdlbehavioralsimulation_xilinx_com_ip_xbip_pipe_3_0__ref_view_fileset</spirit:localName>
        </spirit:fileSetRef>
        <spirit:fileSetRef>
          <spirit:localName>xilinx_vhdlbehavioralsimulation_xilinx_com_ip_xbip_dsp48_addsub_3_0__ref_view_fileset</spirit:localName>
        </spirit:fileSetRef>
        <spirit:fileSetRef>
          <spirit:localName>xilinx_vhdlbehavioralsimulation_xilinx_com_ip_xbip_addsub_3_0__ref_view_fileset</spirit:localName>
        </spirit:fileSetRef>
        <spirit:fileSetRef>
          <spirit:localName>xilinx_vhdlbehavioralsimulation_view_fileset</spirit:localName>
        </spirit:fileSetRef>
        <spirit:parameters>
          <spirit:parameter>
            <spirit:name>GENtimestamp</spirit:name>
            <spirit:value>Sat May 14 18:27:41 UTC 2022</spirit:value>
          </spirit:parameter>
          <spirit:parameter>
            <spirit:name>outputProductCRC</spirit:name>
            <spirit:value>9:d063340d</spirit:value>
          </spirit:parameter>
        </spirit:parameters>
      </spirit:view>
      <spirit:view>
        <spirit:name>xilinx_vhdlsimulationwrapper</spirit:name>
        <spirit:displayName>VHDL Simulation Wrapper</spirit:displayName>
        <spirit:envIdentifier>vhdlSource:vivado.xilinx.com:simulation.wrapper</spirit:envIdentifier>
        <spirit:language>vhdl</spirit:language>
        <spirit:modelName>lpsc_mandelbot_iterator_c_addsub_0_2</spirit:modelName>
        <spirit:fileSetRef>
          <spirit:localName>xilinx_vhdlsimulationwrapper_view_fileset</spirit:localName>
        </spirit:fileSetRef>
        <spirit:parameters>
          <spirit:parameter>
            <spirit:name>GENtimestamp</spirit:name>
            <spirit:value>Sat May 14 18:27:41 UTC 2022</spirit:value>
          </spirit:parameter>
          <spirit:parameter>
            <spirit:name>outputProductCRC</spirit:name>
            <spirit:value>9:d063340d</spirit:value>
          </spirit:parameter>
        </spirit:parameters>
      </spirit:view>
    </spirit:views>
    <spirit:ports>
      <spirit:port>
        <spirit:name>A</spirit:name>
        <spirit:wire>
          <spirit:direction>in</spirit:direction>
          <spirit:vector>
            <spirit:left spirit:format="long" spirit:resolve="dependent" spirit:dependency="(spirit:decode(id(&apos;MODELPARAM_VALUE.C_A_WIDTH&apos;)) - 1)">17</spirit:left>
            <spirit:right spirit:format="long">0</spirit:right>
          </spirit:vector>
          <spirit:wireTypeDefs>
            <spirit:wireTypeDef>
              <spirit:typeName>std_logic_vector</spirit:typeName>
              <spirit:viewNameRef>xilinx_vhdlsynthesis</spirit:viewNameRef>
              <spirit:viewNameRef>xilinx_vhdlbehavioralsimulation</spirit:viewNameRef>
            </spirit:wireTypeDef>
          </spirit:wireTypeDefs>
          <spirit:driver>
            <spirit:defaultValue spirit:format="long">0</spirit:defaultValue>
          </spirit:driver>
        </spirit:wire>
      </spirit:port>
      <spirit:port>
        <spirit:name>B</spirit:name>
        <spirit:wire>
          <spirit:direction>in</spirit:direction>
          <spirit:vector>
            <spirit:left spirit:format="long" spirit:resolve="dependent" spirit:dependency="(spirit:decode(id(&apos;MODELPARAM_VALUE.C_B_WIDTH&apos;)) - 1)">17</spirit:left>
            <spirit:right spirit:format="long">0</spirit:right>
          </spirit:vector>
          <spirit:wireTypeDefs>
            <spirit:wireTypeDef>
              <spirit:typeName>std_logic_vector</spirit:typeName>
              <spirit:viewNameRef>xilinx_vhdlsynthesis</spirit:viewNameRef>
              <spirit:viewNameRef>xilinx_vhdlbehavioralsimulation</spirit:viewNameRef>
            </spirit:wireTypeDef>
          </spirit:wireTypeDefs>
          <spirit:driver>
            <spirit:defaultValue spirit:format="long">0</spirit:defaultValue>
          </spirit:driver>
        </spirit:wire>
        <spirit:vendorExtensions>
          <xilinx:portInfo>
            <xilinx:enablement>
              <xilinx:isEnabled xilinx:resolve="dependent" xilinx:id="PORT_ENABLEMENT.B" xilinx:dependency="((spirit:decode(id(&apos;MODELPARAM_VALUE.C_B_CONSTANT&apos;)) = 0) or ((spirit:decode(id(&apos;MODELPARAM_VALUE.C_B_CONSTANT&apos;)) = 1) and (spirit:decode(id(&apos;MODELPARAM_VALUE.C_HAS_BYPASS&apos;)) = 1)))">true</xilinx:isEnabled>
            </xilinx:enablement>
          </xilinx:portInfo>
        </spirit:vendorExtensions>
      </spirit:port>
      <spirit:port>
        <spirit:name>CLK</spirit:name>
        <spirit:wire>
          <spirit:direction>in</spirit:direction>
          <spirit:wireTypeDefs>
            <spirit:wireTypeDef>
              <spirit:typeName>std_logic</spirit:typeName>
              <spirit:viewNameRef>xilinx_vhdlsynthesis</spirit:viewNameRef>
              <spirit:viewNameRef>xilinx_vhdlbehavioralsimulation</spirit:viewNameRef>
            </spirit:wireTypeDef>
          </spirit:wireTypeDefs>
          <spirit:driver>
            <spirit:defaultValue spirit:format="bitString" spirit:bitStringLength="1">0x0</spirit:defaultValue>
          </spirit:driver>
        </spirit:wire>
        <spirit:vendorExtensions>
          <xilinx:portInfo>
            <xilinx:enablement>
              <xilinx:isEnabled xilinx:resolve="dependent" xilinx:id="PORT_ENABLEMENT.CLK" xilinx:dependency="((spirit:decode(id(&apos;MODELPARAM_VALUE.C_LATENCY&apos;)) = -1) or (spirit:decode(id(&apos;MODELPARAM_VALUE.C_LATENCY&apos;)) > 0))">true</xilinx:isEnabled>
            </xilinx:enablement>
          </xilinx:portInfo>
        </spirit:vendorExtensions>
      </spirit:port>
      <spirit:port>
        <spirit:name>ADD</spirit:name>
        <spirit:wire>
          <spirit:direction>in</spirit:direction>
          <spirit:wireTypeDefs>
            <spirit:wireTypeDef>
              <spirit:typeName>std_logic</spirit:typeName>
              <spirit:viewNameRef>xilinx_vhdlsynthesis</spirit:viewNameRef>
              <spirit:viewNameRef>xilinx_vhdlbehavioralsimulation</spirit:viewNameRef>
            </spirit:wireTypeDef>
          </spirit:wireTypeDefs>
          <spirit:driver>
            <spirit:defaultValue spirit:format="bitString" spirit:bitStringLength="1">0x1</spirit:defaultValue>
          </spirit:driver>
        </spirit:wire>
        <spirit:vendorExtensions>
          <xilinx:portInfo>
            <xilinx:enablement>
              <xilinx:isEnabled xilinx:resolve="dependent" xilinx:id="PORT_ENABLEMENT.ADD" xilinx:dependency="(spirit:decode(id(&apos;MODELPARAM_VALUE.C_ADD_MODE&apos;)) = 2)">false</xilinx:isEnabled>
            </xilinx:enablement>
          </xilinx:portInfo>
        </spirit:vendorExtensions>
      </spirit:port>
      <spirit:port>
        <spirit:name>C_IN</spirit:name>
        <spirit:wire>
          <spirit:direction>in</spirit:direction>
          <spirit:wireTypeDefs>
            <spirit:wireTypeDef>
              <spirit:typeName>std_logic</spirit:typeName>
              <spirit:viewNameRef>xilinx_vhdlsynthesis</spirit:viewNameRef>
              <spirit:viewNameRef>xilinx_vhdlbehavioralsimulation</spirit:viewNameRef>
            </spirit:wireTypeDef>
          </spirit:wireTypeDefs>
          <spirit:driver>
            <spirit:defaultValue spirit:format="bitString" spirit:bitStringLength="1">0x0</spirit:defaultValue>
          </spirit:driver>
        </spirit:wire>
        <spirit:vendorExtensions>
          <xilinx:portInfo>
            <xilinx:enablement>
              <xilinx:isEnabled xilinx:resolve="dependent" xilinx:id="PORT_ENABLEMENT.C_IN" xilinx:dependency="(spirit:decode(id(&apos;MODELPARAM_VALUE.C_HAS_C_IN&apos;)) = 1)">false</xilinx:isEnabled>
            </xilinx:enablement>
          </xilinx:portInfo>
        </spirit:vendorExtensions>
      </spirit:port>
      <spirit:port>
        <spirit:name>CE</spirit:name>
        <spirit:wire>
          <spirit:direction>in</spirit:direction>
          <spirit:wireTypeDefs>
            <spirit:wireTypeDef>
              <spirit:typeName>std_logic</spirit:typeName>
              <spirit:viewNameRef>xilinx_vhdlsynthesis</spirit:viewNameRef>
              <spirit:viewNameRef>xilinx_vhdlbehavioralsimulation</spirit:viewNameRef>
            </spirit:wireTypeDef>
          </spirit:wireTypeDefs>
          <spirit:driver>
            <spirit:defaultValue spirit:format="bitString" spirit:bitStringLength="1">0x1</spirit:defaultValue>
          </spirit:driver>
        </spirit:wire>
        <spirit:vendorExtensions>
          <xilinx:portInfo>
            <xilinx:enablement>
              <xilinx:isEnabled xilinx:resolve="dependent" xilinx:id="PORT_ENABLEMENT.CE" xilinx:dependency="(spirit:decode(id(&apos;MODELPARAM_VALUE.C_HAS_CE&apos;)) = 1)">false</xilinx:isEnabled>
            </xilinx:enablement>
          </xilinx:portInfo>
        </spirit:vendorExtensions>
      </spirit:port>
      <spirit:port>
        <spirit:name>BYPASS</spirit:name>
        <spirit:wire>
          <spirit:direction>in</spirit:direction>
          <spirit:wireTypeDefs>
            <spirit:wireTypeDef>
              <spirit:typeName>std_logic</spirit:typeName>
              <spirit:viewNameRef>xilinx_vhdlsynthesis</spirit:viewNameRef>
              <spirit:viewNameRef>xilinx_vhdlbehavioralsimulation</spirit:viewNameRef>
            </spirit:wireTypeDef>
          </spirit:wireTypeDefs>
          <spirit:driver>
            <spirit:defaultValue spirit:format="bitString" spirit:bitStringLength="1">0x0</spirit:defaultValue>
          </spirit:driver>
        </spirit:wire>
        <spirit:vendorExtensions>
          <xilinx:portInfo>
            <xilinx:enablement>
              <xilinx:isEnabled xilinx:resolve="dependent" xilinx:id="PORT_ENABLEMENT.BYPASS" xilinx:dependency="(spirit:decode(id(&apos;MODELPARAM_VALUE.C_HAS_BYPASS&apos;)) = 1)">false</xilinx:isEnabled>
            </xilinx:enablement>
          </xilinx:portInfo>
        </spirit:vendorExtensions>
      </spirit:port>
      <spirit:port>
        <spirit:name>SCLR</spirit:name>
        <spirit:wire>
          <spirit:direction>in</spirit:direction>
          <spirit:wireTypeDefs>
            <spirit:wireTypeDef>
              <spirit:typeName>std_logic</spirit:typeName>
              <spirit:viewNameRef>xilinx_vhdlsynthesis</spirit:viewNameRef>
              <spirit:viewNameRef>xilinx_vhdlbehavioralsimulation</spirit:viewNameRef>
            </spirit:wireTypeDef>
          </spirit:wireTypeDefs>
          <spirit:driver>
            <spirit:defaultValue spirit:format="bitString" spirit:bitStringLength="1">0x0</spirit:defaultValue>
          </spirit:driver>
        </spirit:wire>
        <spirit:vendorExtensions>
          <xilinx:portInfo>
            <xilinx:enablement>
              <xilinx:isEnabled xilinx:resolve="dependent" xilinx:id="PORT_ENABLEMENT.SCLR" xilinx:dependency="(spirit:decode(id(&apos;MODELPARAM_VALUE.C_HAS_SCLR&apos;)) = 1)">true</xilinx:isEnabled>
            </xilinx:enablement>
          </xilinx:portInfo>
        </spirit:vendorExtensions>
      </spirit:port>
      <spirit:port>
        <spirit:name>SSET</spirit:name>
        <spirit:wire>
          <spirit:direction>in</spirit:direction>
          <spirit:wireTypeDefs>
            <spirit:wireTypeDef>
              <spirit:typeName>std_logic</spirit:typeName>
              <spirit:viewNameRef>xilinx_vhdlsynthesis</spirit:viewNameRef>
              <spirit:viewNameRef>xilinx_vhdlbehavioralsimulation</spirit:viewNameRef>
            </spirit:wireTypeDef>
          </spirit:wireTypeDefs>
          <spirit:driver>
            <spirit:defaultValue spirit:format="bitString" spirit:bitStringLength="1">0x0</spirit:defaultValue>
          </spirit:driver>
        </spirit:wire>
        <spirit:vendorExtensions>
          <xilinx:portInfo>
            <xilinx:enablement>
              <xilinx:isEnabled xilinx:resolve="dependent" xilinx:id="PORT_ENABLEMENT.SSET" xilinx:dependency="((spirit:decode(id(&apos;MODELPARAM_VALUE.C_HAS_SSET&apos;)) = 1) and (spirit:decode(id(&apos;MODELPARAM_VALUE.C_IMPLEMENTATION&apos;)) = 0) and (spirit:decode(id(&apos;MODELPARAM_VALUE.C_LATENCY&apos;)) = 1))">false</xilinx:isEnabled>
            </xilinx:enablement>
          </xilinx:portInfo>
        </spirit:vendorExtensions>
      </spirit:port>
      <spirit:port>
        <spirit:name>SINIT</spirit:name>
        <spirit:wire>
          <spirit:direction>in</spirit:direction>
          <spirit:wireTypeDefs>
            <spirit:wireTypeDef>
              <spirit:typeName>std_logic</spirit:typeName>
              <spirit:viewNameRef>xilinx_vhdlsynthesis</spirit:viewNameRef>
              <spirit:viewNameRef>xilinx_vhdlbehavioralsimulation</spirit:viewNameRef>
            </spirit:wireTypeDef>
          </spirit:wireTypeDefs>
          <spirit:driver>
            <spirit:defaultValue spirit:format="bitString" spirit:bitStringLength="1">0x0</spirit:defaultValue>
          </spirit:driver>
        </spirit:wire>
        <spirit:vendorExtensions>
          <xilinx:portInfo>
            <xilinx:enablement>
              <xilinx:isEnabled xilinx:resolve="dependent" xilinx:id="PORT_ENABLEMENT.SINIT" xilinx:dependency="((spirit:decode(id(&apos;MODELPARAM_VALUE.C_HAS_SINIT&apos;)) = 1) and (spirit:decode(id(&apos;MODELPARAM_VALUE.C_IMPLEMENTATION&apos;)) = 0) and (spirit:decode(id(&apos;MODELPARAM_VALUE.C_LATENCY&apos;)) = 1))">false</xilinx:isEnabled>
            </xilinx:enablement>
          </xilinx:portInfo>
        </spirit:vendorExtensions>
      </spirit:port>
      <spirit:port>
        <spirit:name>C_OUT</spirit:name>
        <spirit:wire>
          <spirit:direction>out</spirit:direction>
          <spirit:wireTypeDefs>
            <spirit:wireTypeDef>
              <spirit:typeName>std_logic</spirit:typeName>
              <spirit:viewNameRef>xilinx_vhdlsynthesis</spirit:viewNameRef>
              <spirit:viewNameRef>xilinx_vhdlbehavioralsimulation</spirit:viewNameRef>
            </spirit:wireTypeDef>
          </spirit:wireTypeDefs>
          <spirit:driver>
            <spirit:defaultValue spirit:format="bitString" spirit:bitStringLength="1">0x0</spirit:defaultValue>
          </spirit:driver>
        </spirit:wire>
        <spirit:vendorExtensions>
          <xilinx:portInfo>
            <xilinx:enablement>
              <xilinx:isEnabled xilinx:resolve="dependent" xilinx:id="PORT_ENABLEMENT.C_OUT" xilinx:dependency="(spirit:decode(id(&apos;MODELPARAM_VALUE.C_HAS_C_OUT&apos;)) = 1)">false</xilinx:isEnabled>
            </xilinx:enablement>
          </xilinx:portInfo>
        </spirit:vendorExtensions>
      </spirit:port>
      <spirit:port>
        <spirit:name>S</spirit:name>
        <spirit:wire>
          <spirit:direction>out</spirit:direction>
          <spirit:vector>
            <spirit:left spirit:format="long" spirit:resolve="dependent" spirit:dependency="(spirit:decode(id(&apos;MODELPARAM_VALUE.C_OUT_WIDTH&apos;)) - 1)">17</spirit:left>
            <spirit:right spirit:format="long">0</spirit:right>
          </spirit:vector>
          <spirit:wireTypeDefs>
            <spirit:wireTypeDef>
              <spirit:typeName>std_logic_vector</spirit:typeName>
              <spirit:viewNameRef>xilinx_vhdlsynthesis</spirit:viewNameRef>
              <spirit:viewNameRef>xilinx_vhdlbehavioralsimulation</spirit:viewNameRef>
            </spirit:wireTypeDef>
          </spirit:wireTypeDefs>
          <spirit:driver>
            <spirit:defaultValue spirit:format="long">0</spirit:defaultValue>
          </spirit:driver>
        </spirit:wire>
      </spirit:port>
    </spirit:ports>
    <spirit:modelParameters>
      <spirit:modelParameter xsi:type="spirit:nameValueTypeType" spirit:dataType="integer">
        <spirit:name>C_VERBOSITY</spirit:name>
        <spirit:value spirit:format="long" spirit:resolve="generated" spirit:id="MODELPARAM_VALUE.C_VERBOSITY">0</spirit:value>
      </spirit:modelParameter>
      <spirit:modelParameter spirit:dataType="string">
        <spirit:name>C_XDEVICEFAMILY</spirit:name>
        <spirit:value spirit:resolve="generated" spirit:id="MODELPARAM_VALUE.C_XDEVICEFAMILY">artix7</spirit:value>
      </spirit:modelParameter>
      <spirit:modelParameter spirit:dataType="integer">
        <spirit:name>C_IMPLEMENTATION</spirit:name>
        <spirit:value spirit:format="long" spirit:resolve="generated" spirit:id="MODELPARAM_VALUE.C_IMPLEMENTATION">0</spirit:value>
      </spirit:modelParameter>
      <spirit:modelParameter spirit:dataType="integer">
        <spirit:name>C_A_WIDTH</spirit:name>
        <spirit:value spirit:format="long" spirit:resolve="generated" spirit:id="MODELPARAM_VALUE.C_A_WIDTH">18</spirit:value>
      </spirit:modelParameter>
      <spirit:modelParameter spirit:dataType="integer">
        <spirit:name>C_B_WIDTH</spirit:name>
        <spirit:value spirit:format="long" spirit:resolve="generated" spirit:id="MODELPARAM_VALUE.C_B_WIDTH">18</spirit:value>
      </spirit:modelParameter>
      <spirit:modelParameter spirit:dataType="integer">
        <spirit:name>C_OUT_WIDTH</spirit:name>
        <spirit:value spirit:format="long" spirit:resolve="generated" spirit:id="MODELPARAM_VALUE.C_OUT_WIDTH">18</spirit:value>
      </spirit:modelParameter>
      <spirit:modelParameter spirit:dataType="integer">
        <spirit:name>C_CE_OVERRIDES_SCLR</spirit:name>
        <spirit:value spirit:format="long" spirit:resolve="generated" spirit:id="MODELPARAM_VALUE.C_CE_OVERRIDES_SCLR">0</spirit:value>
      </spirit:modelParameter>
      <spirit:modelParameter spirit:dataType="integer">
        <spirit:name>C_A_TYPE</spirit:name>
        <spirit:value spirit:format="long" spirit:resolve="generated" spirit:id="MODELPARAM_VALUE.C_A_TYPE">0</spirit:value>
      </spirit:modelParameter>
      <spirit:modelParameter spirit:dataType="integer">
        <spirit:name>C_B_TYPE</spirit:name>
        <spirit:value spirit:format="long" spirit:resolve="generated" spirit:id="MODELPARAM_VALUE.C_B_TYPE">0</spirit:value>
      </spirit:modelParameter>
      <spirit:modelParameter spirit:dataType="integer">
        <spirit:name>C_LATENCY</spirit:name>
        <spirit:value spirit:format="long" spirit:resolve="generated" spirit:id="MODELPARAM_VALUE.C_LATENCY">1</spirit:value>
      </spirit:modelParameter>
      <spirit:modelParameter spirit:dataType="integer">
        <spirit:name>C_ADD_MODE</spirit:name>
        <spirit:value spirit:format="long" spirit:resolve="generated" spirit:id="MODELPARAM_VALUE.C_ADD_MODE">0</spirit:value>
      </spirit:modelParameter>
      <spirit:modelParameter spirit:dataType="integer">
        <spirit:name>C_B_CONSTANT</spirit:name>
        <spirit:value spirit:format="long" spirit:resolve="generated" spirit:id="MODELPARAM_VALUE.C_B_CONSTANT">0</spirit:value>
      </spirit:modelParameter>
      <spirit:modelParameter spirit:dataType="string">
        <spirit:name>C_B_VALUE</spirit:name>
        <spirit:value spirit:resolve="generated" spirit:id="MODELPARAM_VALUE.C_B_VALUE">000000000000000000</spirit:value>
      </spirit:modelParameter>
      <spirit:modelParameter spirit:dataType="string">
        <spirit:name>C_AINIT_VAL</spirit:name>
        <spirit:value spirit:resolve="generated" spirit:id="MODELPARAM_VALUE.C_AINIT_VAL">0</spirit:value>
      </spirit:modelParameter>
      <spirit:modelParameter spirit:dataType="string">
        <spirit:name>C_SINIT_VAL</spirit:name>
        <spirit:value spirit:resolve="generated" spirit:id="MODELPARAM_VALUE.C_SINIT_VAL">0</spirit:value>
      </spirit:modelParameter>
      <spirit:modelParameter spirit:dataType="integer">
        <spirit:name>C_CE_OVERRIDES_BYPASS</spirit:name>
        <spirit:value spirit:format="long" spirit:resolve="generated" spirit:id="MODELPARAM_VALUE.C_CE_OVERRIDES_BYPASS">1</spirit:value>
      </spirit:modelParameter>
      <spirit:modelParameter spirit:dataType="integer">
        <spirit:name>C_BYPASS_LOW</spirit:name>
        <spirit:value spirit:format="long" spirit:resolve="generated" spirit:id="MODELPARAM_VALUE.C_BYPASS_LOW">0</spirit:value>
      </spirit:modelParameter>
      <spirit:modelParameter spirit:dataType="integer">
        <spirit:name>C_SCLR_OVERRIDES_SSET</spirit:name>
        <spirit:value spirit:format="long" spirit:resolve="generated" spirit:id="MODELPARAM_VALUE.C_SCLR_OVERRIDES_SSET">1</spirit:value>
      </spirit:modelParameter>
      <spirit:modelParameter spirit:dataType="integer">
        <spirit:name>C_HAS_C_IN</spirit:name>
        <spirit:value spirit:format="long" spirit:resolve="generated" spirit:id="MODELPARAM_VALUE.C_HAS_C_IN">0</spirit:value>
      </spirit:modelParameter>
      <spirit:modelParameter spirit:dataType="integer">
        <spirit:name>C_HAS_C_OUT</spirit:name>
        <spirit:value spirit:format="long" spirit:resolve="generated" spirit:id="MODELPARAM_VALUE.C_HAS_C_OUT">0</spirit:value>
      </spirit:modelParameter>
      <spirit:modelParameter spirit:dataType="integer">
        <spirit:name>C_BORROW_LOW</spirit:name>
        <spirit:value spirit:format="long" spirit:resolve="generated" spirit:id="MODELPARAM_VALUE.C_BORROW_LOW">1</spirit:value>
      </spirit:modelParameter>
      <spirit:modelParameter spirit:dataType="integer">
        <spirit:name>C_HAS_CE</spirit:name>
        <spirit:value spirit:format="long" spirit:resolve="generated" spirit:id="MODELPARAM_VALUE.C_HAS_CE">0</spirit:value>
      </spirit:modelParameter>
      <spirit:modelParameter spirit:dataType="integer">
        <spirit:name>C_HAS_BYPASS</spirit:name>
        <spirit:value spirit:format="long" spirit:resolve="generated" spirit:id="MODELPARAM_VALUE.C_HAS_BYPASS">0</spirit:value>
      </spirit:modelParameter>
      <spirit:modelParameter spirit:dataType="integer">
        <spirit:name>C_HAS_SCLR</spirit:name>
        <spirit:value spirit:format="long" spirit:resolve="generated" spirit:id="MODELPARAM_VALUE.C_HAS_SCLR">1</spirit:value>
      </spirit:modelParameter>
      <spirit:modelParameter spirit:dataType="integer">
        <spirit:name>C_HAS_SSET</spirit:name>
        <spirit:value spirit:format="long" spirit:resolve="generated" spirit:id="MODELPARAM_VALUE.C_HAS_SSET">0</spirit:value>
      </spirit:modelParameter>
      <spirit:modelParameter spirit:dataType="integer">
        <spirit:name>C_HAS_SINIT</spirit:name>
        <spirit:value spirit:format="long" spirit:resolve="generated" spirit:id="MODELPARAM_VALUE.C_HAS_SINIT">0</spirit:value>
      </spirit:modelParameter>
    </spirit:modelParameters>
  </spirit:model>
  <spirit:choices>
    <spirit:choice>
      <spirit:name>choice_list_70f31904</spirit:name>
      <spirit:enumeration>Fabric</spirit:enumeration>
      <spirit:enumeration>DSP48</spirit:enumeration>
    </spirit:choice>
    <spirit:choice>
      <spirit:name>choice_list_8506c89f</spirit:name>
      <spirit:enumeration>Signed</spirit:enumeration>
      <spirit:enumeration>Unsigned</spirit:enumeration>
    </spirit:choice>
    <spirit:choice>
      <spirit:name>choice_list_93ab811d</spirit:name>
      <spirit:enumeration>Automatic</spirit:enumeration>
      <spirit:enumeration>Manual</spirit:enumeration>
    </spirit:choice>
    <spirit:choice>
      <spirit:name>choice_pairs_08e28d5f</spirit:name>
      <spirit:enumeration spirit:text="Active High">Active_High</spirit:enumeration>
      <spirit:enumeration spirit:text="Active Low">Active_Low</spirit:enumeration>
    </spirit:choice>
    <spirit:choice>
      <spirit:name>choice_pairs_0fbfc8f5</spirit:name>
      <spirit:enumeration spirit:text="CE Overrides Bypass">CE_Overrides_Bypass</spirit:enumeration>
      <spirit:enumeration spirit:text="Bypass Overrides CE">Bypass_Overrides_CE</spirit:enumeration>
    </spirit:choice>
    <spirit:choice>
      <spirit:name>choice_pairs_3d023bc0</spirit:name>
      <spirit:enumeration spirit:text="CE Overrides Sync">CE_Overrides_Sync</spirit:enumeration>
      <spirit:enumeration spirit:text="Sync Overrides CE">Sync_Overrides_CE</spirit:enumeration>
    </spirit:choice>
    <spirit:choice>
      <spirit:name>choice_pairs_69d2cfc4</spirit:name>
      <spirit:enumeration spirit:text="Reset Overrides Set">Reset_Overrides_Set</spirit:enumeration>
      <spirit:enumeration spirit:text="Set Overrides Reset">Set_Overrides_Reset</spirit:enumeration>
    </spirit:choice>
    <spirit:choice>
      <spirit:name>choice_pairs_c67d132f</spirit:name>
      <spirit:enumeration spirit:text="Add">Add</spirit:enumeration>
      <spirit:enumeration spirit:text="Subtract">Subtract</spirit:enumeration>
      <spirit:enumeration spirit:text="Add Subtract">Add_Subtract</spirit:enumeration>
    </spirit:choice>
  </spirit:choices>
  <spirit:fileSets>
    <spirit:fileSet>
      <spirit:name>xilinx_vhdlsynthesis_xilinx_com_ip_xbip_utils_3_0__ref_view_fileset</spirit:name>
      <spirit:file>
        <spirit:name>../../ipshared/364f/hdl/xbip_utils_v3_0_vh_rfs.vhd</spirit:name>
        <spirit:fileType>vhdlSource</spirit:fileType>
        <spirit:logicalName>xbip_utils_v3_0_10</spirit:logicalName>
      </spirit:file>
      <spirit:vendorExtensions>
        <xilinx:subCoreRef>
          <xilinx:componentRef xilinx:vendor="xilinx.com" xilinx:library="ip" xilinx:name="xbip_utils" xilinx:version="3.0" xilinx:isGenerated="true" xilinx:checksum="9537817e">
            <xilinx:mode xilinx:name="copy_mode"/>
          </xilinx:componentRef>
        </xilinx:subCoreRef>
      </spirit:vendorExtensions>
    </spirit:fileSet>
    <spirit:fileSet>
      <spirit:name>xilinx_vhdlsynthesis_xilinx_com_ip_c_reg_fd_12_0__ref_view_fileset</spirit:name>
      <spirit:file>
        <spirit:name>../../ipshared/edec/hdl/c_reg_fd_v12_0_vh_rfs.vhd</spirit:name>
        <spirit:fileType>vhdlSource</spirit:fileType>
        <spirit:logicalName>c_reg_fd_v12_0_6</spirit:logicalName>
      </spirit:file>
      <spirit:vendorExtensions>
        <xilinx:subCoreRef>
          <xilinx:componentRef xilinx:vendor="xilinx.com" xilinx:library="ip" xilinx:name="c_reg_fd" xilinx:version="12.0" xilinx:isGenerated="true" xilinx:checksum="1451f11a">
            <xilinx:mode xilinx:name="copy_mode"/>
          </xilinx:componentRef>
        </xilinx:subCoreRef>
      </spirit:vendorExtensions>
    </spirit:fileSet>
    <spirit:fileSet>
      <spirit:name>xilinx_vhdlsynthesis_xilinx_com_ip_xbip_dsp48_wrapper_3_0__ref_view_fileset</spirit:name>
      <spirit:file>
        <spirit:name>../../ipshared/cdbf/hdl/xbip_dsp48_wrapper_v3_0_vh_rfs.vhd</spirit:name>
        <spirit:fileType>vhdlSource</spirit:fileType>
        <spirit:logicalName>xbip_dsp48_wrapper_v3_0_4</spirit:logicalName>
      </spirit:file>
      <spirit:vendorExtensions>
        <xilinx:subCoreRef>
          <xilinx:componentRef xilinx:vendor="xilinx.com" xilinx:library="ip" xilinx:name="xbip_dsp48_wrapper" xilinx:version="3.0" xilinx:isGenerated="true" xilinx:checksum="b93fabac">
            <xilinx:mode xilinx:name="copy_mode"/>
          </xilinx:componentRef>
        </xilinx:subCoreRef>
      </spirit:vendorExtensions>
    </spirit:fileSet>
    <spirit:fileSet>
      <spirit:name>xilinx_vhdlsynthesis_xilinx_com_ip_xbip_pipe_3_0__ref_view_fileset</spirit:name>
      <spirit:file>
        <spirit:name>../../ipshared/7468/hdl/xbip_pipe_v3_0_vh_rfs.vhd</spirit:name>
        <spirit:fileType>vhdlSource</spirit:fileType>
        <spirit:logicalName>xbip_pipe_v3_0_6</spirit:logicalName>
      </spirit:file>
      <spirit:vendorExtensions>
        <xilinx:subCoreRef>
          <xilinx:componentRef xilinx:vendor="xilinx.com" xilinx:library="ip" xilinx:name="xbip_pipe" xilinx:version="3.0" xilinx:isGenerated="true" xilinx:checksum="ce2d6cb8">
            <xilinx:mode xilinx:name="copy_mode"/>
          </xilinx:componentRef>
        </xilinx:subCoreRef>
      </spirit:vendorExtensions>
    </spirit:fileSet>
    <spirit:fileSet>
      <spirit:name>xilinx_vhdlsynthesis_xilinx_com_ip_xbip_dsp48_addsub_3_0__ref_view_fileset</spirit:name>
      <spirit:file>
        <spirit:name>../../ipshared/910d/hdl/xbip_dsp48_addsub_v3_0_vh_rfs.vhd</spirit:name>
        <spirit:fileType>vhdlSource</spirit:fileType>
        <spirit:logicalName>xbip_dsp48_addsub_v3_0_6</spirit:logicalName>
      </spirit:file>
      <spirit:vendorExtensions>
        <xilinx:subCoreRef>
          <xilinx:componentRef xilinx:vendor="xilinx.com" xilinx:library="ip" xilinx:name="xbip_dsp48_addsub" xilinx:version="3.0" xilinx:isGenerated="true" xilinx:checksum="7e3d6695">
            <xilinx:mode xilinx:name="copy_mode"/>
          </xilinx:componentRef>
        </xilinx:subCoreRef>
      </spirit:vendorExtensions>
    </spirit:fileSet>
    <spirit:fileSet>
      <spirit:name>xilinx_vhdlsynthesis_xilinx_com_ip_xbip_addsub_3_0__ref_view_fileset</spirit:name>
      <spirit:file>
        <spirit:name>../../ipshared/cfdd/hdl/xbip_addsub_v3_0_vh_rfs.vhd</spirit:name>
        <spirit:fileType>vhdlSource</spirit:fileType>
        <spirit:logicalName>xbip_addsub_v3_0_6</spirit:logicalName>
      </spirit:file>
      <spirit:vendorExtensions>
        <xilinx:subCoreRef>
          <xilinx:componentRef xilinx:vendor="xilinx.com" xilinx:library="ip" xilinx:name="xbip_addsub" xilinx:version="3.0" xilinx:isGenerated="true" xilinx:checksum="ead0850e">
            <xilinx:mode xilinx:name="copy_mode"/>
          </xilinx:componentRef>
        </xilinx:subCoreRef>
      </spirit:vendorExtensions>
    </spirit:fileSet>
    <spirit:fileSet>
      <spirit:name>xilinx_vhdlsynthesis_view_fileset</spirit:name>
      <spirit:file>
        <spirit:name>../../ipshared/ebb8/hdl/c_addsub_v12_0_vh_rfs.vhd</spirit:name>
        <spirit:fileType>vhdlSource</spirit:fileType>
        <spirit:logicalName>c_addsub_v12_0_14</spirit:logicalName>
      </spirit:file>
    </spirit:fileSet>
    <spirit:fileSet>
      <spirit:name>xilinx_vhdlsynthesiswrapper_view_fileset</spirit:name>
      <spirit:file>
        <spirit:name>synth/lpsc_mandelbot_iterator_c_addsub_0_2.vhd</spirit:name>
        <spirit:fileType>vhdlSource</spirit:fileType>
        <spirit:logicalName>work</spirit:logicalName>
      </spirit:file>
    </spirit:fileSet>
    <spirit:fileSet>
      <spirit:name>xilinx_vhdlbehavioralsimulation_xilinx_com_ip_xbip_utils_3_0__ref_view_fileset</spirit:name>
      <spirit:file>
        <spirit:name>../../ipshared/364f/hdl/xbip_utils_v3_0_vh_rfs.vhd</spirit:name>
        <spirit:fileType>vhdlSource</spirit:fileType>
        <spirit:userFileType>USED_IN_ipstatic</spirit:userFileType>
        <spirit:logicalName>xbip_utils_v3_0_10</spirit:logicalName>
      </spirit:file>
      <spirit:vendorExtensions>
        <xilinx:subCoreRef>
          <xilinx:componentRef xilinx:vendor="xilinx.com" xilinx:library="ip" xilinx:name="xbip_utils" xilinx:version="3.0" xilinx:isGenerated="true" xilinx:checksum="9537817e">
            <xilinx:mode xilinx:name="copy_mode"/>
          </xilinx:componentRef>
        </xilinx:subCoreRef>
      </spirit:vendorExtensions>
    </spirit:fileSet>
    <spirit:fileSet>
      <spirit:name>xilinx_vhdlbehavioralsimulation_xilinx_com_ip_c_reg_fd_12_0__ref_view_fileset</spirit:name>
      <spirit:file>
        <spirit:name>../../ipshared/edec/hdl/c_reg_fd_v12_0_vh_rfs.vhd</spirit:name>
        <spirit:fileType>vhdlSource</spirit:fileType>
        <spirit:userFileType>USED_IN_ipstatic</spirit:userFileType>
        <spirit:logicalName>c_reg_fd_v12_0_6</spirit:logicalName>
      </spirit:file>
      <spirit:vendorExtensions>
        <xilinx:subCoreRef>
          <xilinx:componentRef xilinx:vendor="xilinx.com" xilinx:library="ip" xilinx:name="c_reg_fd" xilinx:version="12.0" xilinx:isGenerated="true" xilinx:checksum="1451f11a">
            <xilinx:mode xilinx:name="copy_mode"/>
          </xilinx:componentRef>
        </xilinx:subCoreRef>
      </spirit:vendorExtensions>
    </spirit:fileSet>
    <spirit:fileSet>
      <spirit:name>xilinx_vhdlbehavioralsimulation_xilinx_com_ip_xbip_dsp48_wrapper_3_0__ref_view_fileset</spirit:name>
      <spirit:file>
        <spirit:name>../../ipshared/cdbf/hdl/xbip_dsp48_wrapper_v3_0_vh_rfs.vhd</spirit:name>
        <spirit:fileType>vhdlSource</spirit:fileType>
        <spirit:userFileType>USED_IN_ipstatic</spirit:userFileType>
        <spirit:logicalName>xbip_dsp48_wrapper_v3_0_4</spirit:logicalName>
      </spirit:file>
      <spirit:vendorExtensions>
        <xilinx:subCoreRef>
          <xilinx:componentRef xilinx:vendor="xilinx.com" xilinx:library="ip" xilinx:name="xbip_dsp48_wrapper" xilinx:version="3.0" xilinx:isGenerated="true" xilinx:checksum="b93fabac">
            <xilinx:mode xilinx:name="copy_mode"/>
          </xilinx:componentRef>
        </xilinx:subCoreRef>
      </spirit:vendorExtensions>
    </spirit:fileSet>
    <spirit:fileSet>
      <spirit:name>xilinx_vhdlbehavioralsimulation_xilinx_com_ip_xbip_pipe_3_0__ref_view_fileset</spirit:name>
      <spirit:file>
        <spirit:name>../../ipshared/7468/hdl/xbip_pipe_v3_0_vh_rfs.vhd</spirit:name>
        <spirit:fileType>vhdlSource</spirit:fileType>
        <spirit:userFileType>USED_IN_ipstatic</spirit:userFileType>
        <spirit:logicalName>xbip_pipe_v3_0_6</spirit:logicalName>
      </spirit:file>
      <spirit:vendorExtensions>
        <xilinx:subCoreRef>
          <xilinx:componentRef xilinx:vendor="xilinx.com" xilinx:library="ip" xilinx:name="xbip_pipe" xilinx:version="3.0" xilinx:isGenerated="true" xilinx:checksum="ce2d6cb8">
            <xilinx:mode xilinx:name="copy_mode"/>
          </xilinx:componentRef>
        </xilinx:subCoreRef>
      </spirit:vendorExtensions>
    </spirit:fileSet>
    <spirit:fileSet>
      <spirit:name>xilinx_vhdlbehavioralsimulation_xilinx_com_ip_xbip_dsp48_addsub_3_0__ref_view_fileset</spirit:name>
      <spirit:file>
        <spirit:name>../../ipshared/910d/hdl/xbip_dsp48_addsub_v3_0_vh_rfs.vhd</spirit:name>
        <spirit:fileType>vhdlSource</spirit:fileType>
        <spirit:userFileType>USED_IN_ipstatic</spirit:userFileType>
        <spirit:logicalName>xbip_dsp48_addsub_v3_0_6</spirit:logicalName>
      </spirit:file>
      <spirit:vendorExtensions>
        <xilinx:subCoreRef>
          <xilinx:componentRef xilinx:vendor="xilinx.com" xilinx:library="ip" xilinx:name="xbip_dsp48_addsub" xilinx:version="3.0" xilinx:isGenerated="true" xilinx:checksum="7e3d6695">
            <xilinx:mode xilinx:name="copy_mode"/>
          </xilinx:componentRef>
        </xilinx:subCoreRef>
      </spirit:vendorExtensions>
    </spirit:fileSet>
    <spirit:fileSet>
      <spirit:name>xilinx_vhdlbehavioralsimulation_xilinx_com_ip_xbip_addsub_3_0__ref_view_fileset</spirit:name>
      <spirit:file>
        <spirit:name>../../ipshared/cfdd/hdl/xbip_addsub_v3_0_vh_rfs.vhd</spirit:name>
        <spirit:fileType>vhdlSource</spirit:fileType>
        <spirit:userFileType>USED_IN_ipstatic</spirit:userFileType>
        <spirit:logicalName>xbip_addsub_v3_0_6</spirit:logicalName>
      </spirit:file>
      <spirit:vendorExtensions>
        <xilinx:subCoreRef>
          <xilinx:componentRef xilinx:vendor="xilinx.com" xilinx:library="ip" xilinx:name="xbip_addsub" xilinx:version="3.0" xilinx:isGenerated="true" xilinx:checksum="ead0850e">
            <xilinx:mode xilinx:name="copy_mode"/>
          </xilinx:componentRef>
        </xilinx:subCoreRef>
      </spirit:vendorExtensions>
    </spirit:fileSet>
    <spirit:fileSet>
      <spirit:name>xilinx_vhdlbehavioralsimulation_view_fileset</spirit:name>
      <spirit:file>
        <spirit:name>../../ipshared/ebb8/hdl/c_addsub_v12_0_vh_rfs.vhd</spirit:name>
        <spirit:fileType>vhdlSource</spirit:fileType>
        <spirit:userFileType>USED_IN_ipstatic</spirit:userFileType>
        <spirit:logicalName>c_addsub_v12_0_14</spirit:logicalName>
      </spirit:file>
    </spirit:fileSet>
    <spirit:fileSet>
      <spirit:name>xilinx_vhdlsimulationwrapper_view_fileset</spirit:name>
      <spirit:file>
        <spirit:name>sim/lpsc_mandelbot_iterator_c_addsub_0_2.vhd</spirit:name>
        <spirit:fileType>vhdlSource</spirit:fileType>
        <spirit:logicalName>xil_defaultlib</spirit:logicalName>
      </spirit:file>
    </spirit:fileSet>
  </spirit:fileSets>
  <spirit:description>The Xilinx LogiCORE Adder Subtracter can create adders, subtracters, and adders/subtracters that operate on signed or unsigned data. In fabric, the module supports inputs ranging from 1 to 256 bits wide, and outputs ranging from 1 to 258 bits wide.  I/O widths are family dependent for dsp48 implementations.</spirit:description>
  <spirit:parameters>
    <spirit:parameter>
      <spirit:name>Component_Name</spirit:name>
      <spirit:value spirit:resolve="user" spirit:id="PARAM_VALUE.Component_Name" spirit:order="1">lpsc_mandelbot_iterator_c_addsub_0_2</spirit:value>
    </spirit:parameter>
    <spirit:parameter>
      <spirit:name>Implementation</spirit:name>
      <spirit:value spirit:resolve="user" spirit:id="PARAM_VALUE.Implementation" spirit:choiceRef="choice_list_70f31904" spirit:order="2">Fabric</spirit:value>
    </spirit:parameter>
    <spirit:parameter>
      <spirit:name>A_Type</spirit:name>
      <spirit:value spirit:resolve="user" spirit:id="PARAM_VALUE.A_Type" spirit:choiceRef="choice_list_8506c89f" spirit:order="3">Signed</spirit:value>
    </spirit:parameter>
    <spirit:parameter>
      <spirit:name>B_Type</spirit:name>
      <spirit:value spirit:resolve="user" spirit:id="PARAM_VALUE.B_Type" spirit:choiceRef="choice_list_8506c89f" spirit:order="4">Signed</spirit:value>
    </spirit:parameter>
    <spirit:parameter>
      <spirit:name>A_Width</spirit:name>
      <spirit:value spirit:format="long" spirit:resolve="user" spirit:id="PARAM_VALUE.A_Width" spirit:order="5" spirit:minimum="2" spirit:maximum="256" spirit:rangeType="long">18</spirit:value>
    </spirit:parameter>
    <spirit:parameter>
      <spirit:name>B_Width</spirit:name>
      <spirit:value spirit:format="long" spirit:resolve="user" spirit:id="PARAM_VALUE.B_Width" spirit:order="6" spirit:minimum="2" spirit:maximum="256" spirit:rangeType="long">18</spirit:value>
    </spirit:parameter>
    <spirit:parameter>
      <spirit:name>Add_Mode</spirit:name>
      <spirit:value spirit:resolve="user" spirit:id="PARAM_VALUE.Add_Mode" spirit:choiceRef="choice_pairs_c67d132f" spirit:order="7">Add</spirit:value>
    </spirit:parameter>
    <spirit:parameter>
      <spirit:name>Out_Width</spirit:name>
      <spirit:value spirit:format="long" spirit:resolve="user" spirit:id="PARAM_VALUE.Out_Width" spirit:order="8" spirit:minimum="18" spirit:maximum="19" spirit:rangeType="long">18</spirit:value>
    </spirit:parameter>
    <spirit:parameter>
      <spirit:name>Latency_Configuration</spirit:name>
      <spirit:value spirit:resolve="user" spirit:id="PARAM_VALUE.Latency_Configuration" spirit:choiceRef="choice_list_93ab811d" spirit:order="9">Manual</spirit:value>
    </spirit:parameter>
    <spirit:parameter>
      <spirit:name>Latency</spirit:name>
      <spirit:value spirit:format="long" spirit:resolve="user" spirit:id="PARAM_VALUE.Latency" spirit:order="10" spirit:minimum="0" spirit:maximum="18" spirit:rangeType="long">1</spirit:value>
    </spirit:parameter>
    <spirit:parameter>
      <spirit:name>B_Constant</spirit:name>
      <spirit:value spirit:format="bool" spirit:resolve="user" spirit:id="PARAM_VALUE.B_Constant" spirit:order="11">false</spirit:value>
    </spirit:parameter>
    <spirit:parameter>
      <spirit:name>B_Value</spirit:name>
      <spirit:value spirit:resolve="user" spirit:id="PARAM_VALUE.B_Value" spirit:order="12">000000000000000000</spirit:value>
    </spirit:parameter>
    <spirit:parameter>
      <spirit:name>CE</spirit:name>
      <spirit:value spirit:format="bool" spirit:resolve="user" spirit:id="PARAM_VALUE.CE" spirit:order="13">false</spirit:value>
    </spirit:parameter>
    <spirit:parameter>
      <spirit:name>C_In</spirit:name>
      <spirit:value spirit:format="bool" spirit:resolve="user" spirit:id="PARAM_VALUE.C_In" spirit:order="14">false</spirit:value>
    </spirit:parameter>
    <spirit:parameter>
      <spirit:name>C_Out</spirit:name>
      <spirit:value spirit:format="bool" spirit:resolve="user" spirit:id="PARAM_VALUE.C_Out" spirit:order="15">false</spirit:value>
    </spirit:parameter>
    <spirit:parameter>
      <spirit:name>Borrow_Sense</spirit:name>
      <spirit:value spirit:resolve="user" spirit:id="PARAM_VALUE.Borrow_Sense" spirit:choiceRef="choice_pairs_08e28d5f" spirit:order="16">Active_Low</spirit:value>
    </spirit:parameter>
    <spirit:parameter>
      <spirit:name>SCLR</spirit:name>
      <spirit:value spirit:format="bool" spirit:resolve="user" spirit:id="PARAM_VALUE.SCLR" spirit:order="17">true</spirit:value>
    </spirit:parameter>
    <spirit:parameter>
      <spirit:name>SSET</spirit:name>
      <spirit:value spirit:format="bool" spirit:resolve="user" spirit:id="PARAM_VALUE.SSET" spirit:order="18">false</spirit:value>
    </spirit:parameter>
    <spirit:parameter>
      <spirit:name>SINIT</spirit:name>
      <spirit:value spirit:format="bool" spirit:resolve="user" spirit:id="PARAM_VALUE.SINIT" spirit:order="19">false</spirit:value>
    </spirit:parameter>
    <spirit:parameter>
      <spirit:name>SINIT_Value</spirit:name>
      <spirit:value spirit:resolve="user" spirit:id="PARAM_VALUE.SINIT_Value" spirit:order="20">0</spirit:value>
    </spirit:parameter>
    <spirit:parameter>
      <spirit:name>Bypass</spirit:name>
      <spirit:value spirit:format="bool" spirit:resolve="user" spirit:id="PARAM_VALUE.Bypass" spirit:order="21">false</spirit:value>
    </spirit:parameter>
    <spirit:parameter>
      <spirit:name>Bypass_Sense</spirit:name>
      <spirit:value spirit:resolve="user" spirit:id="PARAM_VALUE.Bypass_Sense" spirit:choiceRef="choice_pairs_08e28d5f" spirit:order="22">Active_High</spirit:value>
    </spirit:parameter>
    <spirit:parameter>
      <spirit:name>Sync_Ctrl_Priority</spirit:name>
      <spirit:value spirit:resolve="user" spirit:id="PARAM_VALUE.Sync_Ctrl_Priority" spirit:choiceRef="choice_pairs_69d2cfc4" spirit:order="23">Reset_Overrides_Set</spirit:value>
    </spirit:parameter>
    <spirit:parameter>
      <spirit:name>Sync_CE_Priority</spirit:name>
      <spirit:value spirit:resolve="user" spirit:id="PARAM_VALUE.Sync_CE_Priority" spirit:choiceRef="choice_pairs_3d023bc0" spirit:order="24">Sync_Overrides_CE</spirit:value>
    </spirit:parameter>
    <spirit:parameter>
      <spirit:name>Bypass_CE_Priority</spirit:name>
      <spirit:value spirit:resolve="user" spirit:id="PARAM_VALUE.Bypass_CE_Priority" spirit:choiceRef="choice_pairs_0fbfc8f5" spirit:order="25">CE_Overrides_Bypass</spirit:value>
    </spirit:parameter>
    <spirit:parameter>
      <spirit:name>AINIT_Value</spirit:name>
      <spirit:value spirit:resolve="user" spirit:id="PARAM_VALUE.AINIT_Value" spirit:order="26">0</spirit:value>
    </spirit:parameter>
  </spirit:parameters>
  <spirit:vendorExtensions>
    <xilinx:coreExtensions>
      <xilinx:displayName>Adder/Subtracter</xilinx:displayName>
      <xilinx:coreRevision>14</xilinx:coreRevision>
      <xilinx:configElementInfos>
        <xilinx:configElementInfo xilinx:referenceId="BUSIFPARAM_VALUE.A_INTF.LAYERED_METADATA" xilinx:valuePermission="bd"/>
        <xilinx:configElementInfo xilinx:referenceId="BUSIFPARAM_VALUE.B_INTF.LAYERED_METADATA" xilinx:valueSource="ip_propagated" xilinx:valuePermission="bd"/>
        <xilinx:configElementInfo xilinx:referenceId="BUSIFPARAM_VALUE.CLK_INTF.ASSOCIATED_BUSIF" xilinx:valuePermission="bd"/>
        <xilinx:configElementInfo xilinx:referenceId="BUSIFPARAM_VALUE.CLK_INTF.ASSOCIATED_CLKEN" xilinx:valuePermission="bd"/>
        <xilinx:configElementInfo xilinx:referenceId="BUSIFPARAM_VALUE.CLK_INTF.ASSOCIATED_PORT" xilinx:valuePermission="bd"/>
        <xilinx:configElementInfo xilinx:referenceId="BUSIFPARAM_VALUE.CLK_INTF.ASSOCIATED_RESET" xilinx:valuePermission="bd"/>
        <xilinx:configElementInfo xilinx:referenceId="BUSIFPARAM_VALUE.CLK_INTF.CLK_DOMAIN" xilinx:valueSource="default_prop" xilinx:valuePermission="bd"/>
        <xilinx:configElementInfo xilinx:referenceId="BUSIFPARAM_VALUE.CLK_INTF.FREQ_HZ" xilinx:valueSource="user_prop" xilinx:valuePermission="bd"/>
        <xilinx:configElementInfo xilinx:referenceId="BUSIFPARAM_VALUE.CLK_INTF.FREQ_TOLERANCE_HZ" xilinx:valuePermission="bd"/>
        <xilinx:configElementInfo xilinx:referenceId="BUSIFPARAM_VALUE.CLK_INTF.PHASE" xilinx:valuePermission="bd"/>
        <xilinx:configElementInfo xilinx:referenceId="BUSIFPARAM_VALUE.SCLR_INTF.POLARITY" xilinx:valuePermission="bd"/>
        <xilinx:configElementInfo xilinx:referenceId="BUSIFPARAM_VALUE.S_INTF.LAYERED_METADATA" xilinx:valueSource="propagated" xilinx:valuePermission="bd"/>
        <xilinx:configElementInfo xilinx:referenceId="PARAM_VALUE.A_Type" xilinx:valueSource="propagated" xilinx:valuePermission="bd_and_user"/>
        <xilinx:configElementInfo xilinx:referenceId="PARAM_VALUE.A_Width" xilinx:valueSource="user" xilinx:valuePermission="bd_and_user"/>
        <xilinx:configElementInfo xilinx:referenceId="PARAM_VALUE.B_Type" xilinx:valueSource="propagated" xilinx:valuePermission="bd_and_user"/>
        <xilinx:configElementInfo xilinx:referenceId="PARAM_VALUE.B_Value" xilinx:valueSource="user"/>
        <xilinx:configElementInfo xilinx:referenceId="PARAM_VALUE.B_Width" xilinx:valueSource="user" xilinx:valuePermission="bd_and_user"/>
        <xilinx:configElementInfo xilinx:referenceId="PARAM_VALUE.CE" xilinx:valueSource="user"/>
        <xilinx:configElementInfo xilinx:referenceId="PARAM_VALUE.Latency" xilinx:valueSource="user"/>
        <xilinx:configElementInfo xilinx:referenceId="PARAM_VALUE.Out_Width" xilinx:valueSource="user"/>
        <xilinx:configElementInfo xilinx:referenceId="PARAM_VALUE.SCLR" xilinx:valueSource="user"/>
      </xilinx:configElementInfos>
    </xilinx:coreExtensions>
    <xilinx:packagingInfo>
      <xilinx:xilinxVersion>2021.2</xilinx:xilinxVersion>
      <xilinx:checksum xilinx:scope="busInterfaces" xilinx:value="436b0956"/>
      <xilinx:checksum xilinx:scope="fileGroups" xilinx:value="e6824e95"/>
      <xilinx:checksum xilinx:scope="ports" xilinx:value="9b7014f2"/>
      <xilinx:checksum xilinx:scope="hdlParameters" xilinx:value="31263942"/>
      <xilinx:checksum xilinx:scope="parameters" xilinx:value="9429ba2b"/>
    </xilinx:packagingInfo>
  </spirit:vendorExtensions>
</spirit:component>
