<?xml version="1.0" encoding="UTF-8"?>
<spirit:component xmlns:xilinx="http://www.xilinx.com" xmlns:spirit="http://www.spiritconsortium.org/XMLSchema/SPIRIT/1685-2009" xmlns:xsi="http://www.w3.org/2001/XMLSchema-instance">
  <spirit:vendor>user.org</spirit:vendor>
  <spirit:library>user</spirit:library>
  <spirit:name>lpsc_mandelbrot_calculator</spirit:name>
  <spirit:version>1.0</spirit:version>
  <spirit:busInterfaces>
    <spirit:busInterface>
      <spirit:name>rst</spirit:name>
      <spirit:busType spirit:vendor="xilinx.com" spirit:library="signal" spirit:name="reset" spirit:version="1.0"/>
      <spirit:abstractionType spirit:vendor="xilinx.com" spirit:library="signal" spirit:name="reset_rtl" spirit:version="1.0"/>
      <spirit:slave/>
      <spirit:portMaps>
        <spirit:portMap>
          <spirit:logicalPort>
            <spirit:name>RST</spirit:name>
          </spirit:logicalPort>
          <spirit:physicalPort>
            <spirit:name>rst</spirit:name>
          </spirit:physicalPort>
        </spirit:portMap>
      </spirit:portMaps>
    </spirit:busInterface>
    <spirit:busInterface>
      <spirit:name>clk</spirit:name>
      <spirit:busType spirit:vendor="xilinx.com" spirit:library="signal" spirit:name="clock" spirit:version="1.0"/>
      <spirit:abstractionType spirit:vendor="xilinx.com" spirit:library="signal" spirit:name="clock_rtl" spirit:version="1.0"/>
      <spirit:slave/>
      <spirit:portMaps>
        <spirit:portMap>
          <spirit:logicalPort>
            <spirit:name>CLK</spirit:name>
          </spirit:logicalPort>
          <spirit:physicalPort>
            <spirit:name>clk</spirit:name>
          </spirit:physicalPort>
        </spirit:portMap>
      </spirit:portMaps>
      <spirit:parameters>
        <spirit:parameter>
          <spirit:name>ASSOCIATED_RESET</spirit:name>
          <spirit:value spirit:id="BUSIFPARAM_VALUE.CLK.ASSOCIATED_RESET">rst</spirit:value>
        </spirit:parameter>
      </spirit:parameters>
    </spirit:busInterface>
    <spirit:busInterface>
      <spirit:name>ready</spirit:name>
      <spirit:busType spirit:vendor="xilinx.com" spirit:library="signal" spirit:name="data" spirit:version="1.0"/>
      <spirit:abstractionType spirit:vendor="xilinx.com" spirit:library="signal" spirit:name="data_rtl" spirit:version="1.0"/>
      <spirit:master/>
      <spirit:portMaps>
        <spirit:portMap>
          <spirit:logicalPort>
            <spirit:name>DATA</spirit:name>
          </spirit:logicalPort>
          <spirit:physicalPort>
            <spirit:name>ready</spirit:name>
          </spirit:physicalPort>
        </spirit:portMap>
      </spirit:portMaps>
    </spirit:busInterface>
    <spirit:busInterface>
      <spirit:name>start</spirit:name>
      <spirit:busType spirit:vendor="xilinx.com" spirit:library="signal" spirit:name="data" spirit:version="1.0"/>
      <spirit:abstractionType spirit:vendor="xilinx.com" spirit:library="signal" spirit:name="data_rtl" spirit:version="1.0"/>
      <spirit:slave/>
      <spirit:portMaps>
        <spirit:portMap>
          <spirit:logicalPort>
            <spirit:name>DATA</spirit:name>
          </spirit:logicalPort>
          <spirit:physicalPort>
            <spirit:name>start</spirit:name>
          </spirit:physicalPort>
        </spirit:portMap>
      </spirit:portMaps>
    </spirit:busInterface>
    <spirit:busInterface>
      <spirit:name>finished</spirit:name>
      <spirit:busType spirit:vendor="xilinx.com" spirit:library="signal" spirit:name="data" spirit:version="1.0"/>
      <spirit:abstractionType spirit:vendor="xilinx.com" spirit:library="signal" spirit:name="data_rtl" spirit:version="1.0"/>
      <spirit:master/>
      <spirit:portMaps>
        <spirit:portMap>
          <spirit:logicalPort>
            <spirit:name>DATA</spirit:name>
          </spirit:logicalPort>
          <spirit:physicalPort>
            <spirit:name>finished</spirit:name>
          </spirit:physicalPort>
        </spirit:portMap>
      </spirit:portMaps>
      <spirit:parameters>
        <spirit:parameter>
          <spirit:name>NUM_READ_OUTSTANDING</spirit:name>
          <spirit:value spirit:id="BUSIFPARAM_VALUE.FINISHED.NUM_READ_OUTSTANDING"/>
        </spirit:parameter>
        <spirit:parameter>
          <spirit:name>NUM_WRITE_OUTSTANDING</spirit:name>
          <spirit:value spirit:id="BUSIFPARAM_VALUE.FINISHED.NUM_WRITE_OUTSTANDING"/>
        </spirit:parameter>
      </spirit:parameters>
    </spirit:busInterface>
    <spirit:busInterface>
      <spirit:name>c_real</spirit:name>
      <spirit:busType spirit:vendor="xilinx.com" spirit:library="signal" spirit:name="data" spirit:version="1.0"/>
      <spirit:abstractionType spirit:vendor="xilinx.com" spirit:library="signal" spirit:name="data_rtl" spirit:version="1.0"/>
      <spirit:slave/>
      <spirit:portMaps>
        <spirit:portMap>
          <spirit:logicalPort>
            <spirit:name>DATA</spirit:name>
          </spirit:logicalPort>
          <spirit:physicalPort>
            <spirit:name>c_real</spirit:name>
          </spirit:physicalPort>
        </spirit:portMap>
      </spirit:portMaps>
    </spirit:busInterface>
    <spirit:busInterface>
      <spirit:name>c_imaginary</spirit:name>
      <spirit:busType spirit:vendor="xilinx.com" spirit:library="signal" spirit:name="data" spirit:version="1.0"/>
      <spirit:abstractionType spirit:vendor="xilinx.com" spirit:library="signal" spirit:name="data_rtl" spirit:version="1.0"/>
      <spirit:slave/>
      <spirit:portMaps>
        <spirit:portMap>
          <spirit:logicalPort>
            <spirit:name>DATA</spirit:name>
          </spirit:logicalPort>
          <spirit:physicalPort>
            <spirit:name>c_imaginary</spirit:name>
          </spirit:physicalPort>
        </spirit:portMap>
      </spirit:portMaps>
    </spirit:busInterface>
    <spirit:busInterface>
      <spirit:name>z_real</spirit:name>
      <spirit:busType spirit:vendor="xilinx.com" spirit:library="signal" spirit:name="data" spirit:version="1.0"/>
      <spirit:abstractionType spirit:vendor="xilinx.com" spirit:library="signal" spirit:name="data_rtl" spirit:version="1.0"/>
      <spirit:master/>
      <spirit:portMaps>
        <spirit:portMap>
          <spirit:logicalPort>
            <spirit:name>DATA</spirit:name>
          </spirit:logicalPort>
          <spirit:physicalPort>
            <spirit:name>z_real</spirit:name>
          </spirit:physicalPort>
        </spirit:portMap>
      </spirit:portMaps>
    </spirit:busInterface>
    <spirit:busInterface>
      <spirit:name>z_imaginary</spirit:name>
      <spirit:busType spirit:vendor="xilinx.com" spirit:library="signal" spirit:name="data" spirit:version="1.0"/>
      <spirit:abstractionType spirit:vendor="xilinx.com" spirit:library="signal" spirit:name="data_rtl" spirit:version="1.0"/>
      <spirit:master/>
      <spirit:portMaps>
        <spirit:portMap>
          <spirit:logicalPort>
            <spirit:name>DATA</spirit:name>
          </spirit:logicalPort>
          <spirit:physicalPort>
            <spirit:name>z_imaginary</spirit:name>
          </spirit:physicalPort>
        </spirit:portMap>
      </spirit:portMaps>
    </spirit:busInterface>
    <spirit:busInterface>
      <spirit:name>iterations</spirit:name>
      <spirit:busType spirit:vendor="xilinx.com" spirit:library="signal" spirit:name="data" spirit:version="1.0"/>
      <spirit:abstractionType spirit:vendor="xilinx.com" spirit:library="signal" spirit:name="data_rtl" spirit:version="1.0"/>
      <spirit:master/>
      <spirit:portMaps>
        <spirit:portMap>
          <spirit:logicalPort>
            <spirit:name>DATA</spirit:name>
          </spirit:logicalPort>
          <spirit:physicalPort>
            <spirit:name>iterations</spirit:name>
          </spirit:physicalPort>
        </spirit:portMap>
      </spirit:portMaps>
    </spirit:busInterface>
  </spirit:busInterfaces>
  <spirit:model>
    <spirit:views>
      <spirit:view>
        <spirit:name>xilinx_anylanguagesynthesis</spirit:name>
        <spirit:displayName>Synthesis</spirit:displayName>
        <spirit:envIdentifier>:vivado.xilinx.com:synthesis</spirit:envIdentifier>
        <spirit:language>VHDL</spirit:language>
        <spirit:modelName>lpsc_mandelbrot_calculator</spirit:modelName>
        <spirit:fileSetRef>
          <spirit:localName>xilinx_anylanguagesynthesis_xilinx_com_ip_c_addsub_12_0__ref_view_fileset</spirit:localName>
        </spirit:fileSetRef>
        <spirit:fileSetRef>
          <spirit:localName>xilinx_anylanguagesynthesis_xilinx_com_ip_mult_gen_12_0__ref_view_fileset</spirit:localName>
        </spirit:fileSetRef>
        <spirit:fileSetRef>
          <spirit:localName>xilinx_anylanguagesynthesis_xilinx_com_ip_xlslice_1_0__ref_view_fileset</spirit:localName>
        </spirit:fileSetRef>
        <spirit:fileSetRef>
          <spirit:localName>xilinx_anylanguagesynthesis_xilinx_com_ip_xlconcat_2_1__ref_view_fileset</spirit:localName>
        </spirit:fileSetRef>
        <spirit:fileSetRef>
          <spirit:localName>xilinx_anylanguagesynthesis_view_fileset</spirit:localName>
        </spirit:fileSetRef>
        <spirit:parameters>
          <spirit:parameter>
            <spirit:name>viewChecksum</spirit:name>
            <spirit:value>1ef7c55f</spirit:value>
          </spirit:parameter>
        </spirit:parameters>
      </spirit:view>
      <spirit:view>
        <spirit:name>xilinx_anylanguagebehavioralsimulation</spirit:name>
        <spirit:displayName>Simulation</spirit:displayName>
        <spirit:envIdentifier>:vivado.xilinx.com:simulation</spirit:envIdentifier>
        <spirit:language>VHDL</spirit:language>
        <spirit:modelName>lpsc_mandelbrot_calculator</spirit:modelName>
        <spirit:fileSetRef>
          <spirit:localName>xilinx_anylanguagebehavioralsimulation_xilinx_com_ip_c_addsub_12_0__ref_view_fileset</spirit:localName>
        </spirit:fileSetRef>
        <spirit:fileSetRef>
          <spirit:localName>xilinx_anylanguagebehavioralsimulation_xilinx_com_ip_mult_gen_12_0__ref_view_fileset</spirit:localName>
        </spirit:fileSetRef>
        <spirit:fileSetRef>
          <spirit:localName>xilinx_anylanguagebehavioralsimulation_xilinx_com_ip_xlslice_1_0__ref_view_fileset</spirit:localName>
        </spirit:fileSetRef>
        <spirit:fileSetRef>
          <spirit:localName>xilinx_anylanguagebehavioralsimulation_xilinx_com_ip_xlconcat_2_1__ref_view_fileset</spirit:localName>
        </spirit:fileSetRef>
        <spirit:fileSetRef>
          <spirit:localName>xilinx_anylanguagebehavioralsimulation_view_fileset</spirit:localName>
        </spirit:fileSetRef>
        <spirit:parameters>
          <spirit:parameter>
            <spirit:name>viewChecksum</spirit:name>
            <spirit:value>603e5313</spirit:value>
          </spirit:parameter>
        </spirit:parameters>
      </spirit:view>
      <spirit:view>
        <spirit:name>xilinx_testbench</spirit:name>
        <spirit:displayName>Test Bench</spirit:displayName>
        <spirit:envIdentifier>:vivado.xilinx.com:simulation.testbench</spirit:envIdentifier>
        <spirit:modelName>tb_lpsc_mandelbrot_calculator</spirit:modelName>
        <spirit:fileSetRef>
          <spirit:localName>xilinx_testbench_view_fileset</spirit:localName>
        </spirit:fileSetRef>
        <spirit:parameters>
          <spirit:parameter>
            <spirit:name>viewChecksum</spirit:name>
            <spirit:value>4fe14482</spirit:value>
          </spirit:parameter>
        </spirit:parameters>
      </spirit:view>
      <spirit:view>
        <spirit:name>xilinx_xpgui</spirit:name>
        <spirit:displayName>UI Layout</spirit:displayName>
        <spirit:envIdentifier>:vivado.xilinx.com:xgui.ui</spirit:envIdentifier>
        <spirit:fileSetRef>
          <spirit:localName>xilinx_xpgui_view_fileset</spirit:localName>
        </spirit:fileSetRef>
        <spirit:parameters>
          <spirit:parameter>
            <spirit:name>viewChecksum</spirit:name>
            <spirit:value>0eee7376</spirit:value>
          </spirit:parameter>
        </spirit:parameters>
      </spirit:view>
    </spirit:views>
    <spirit:ports>
      <spirit:port>
        <spirit:name>clk</spirit:name>
        <spirit:wire>
          <spirit:direction>in</spirit:direction>
          <spirit:wireTypeDefs>
            <spirit:wireTypeDef>
              <spirit:typeName>std_logic</spirit:typeName>
              <spirit:viewNameRef>xilinx_anylanguagesynthesis</spirit:viewNameRef>
              <spirit:viewNameRef>xilinx_anylanguagebehavioralsimulation</spirit:viewNameRef>
            </spirit:wireTypeDef>
          </spirit:wireTypeDefs>
        </spirit:wire>
      </spirit:port>
      <spirit:port>
        <spirit:name>rst</spirit:name>
        <spirit:wire>
          <spirit:direction>in</spirit:direction>
          <spirit:wireTypeDefs>
            <spirit:wireTypeDef>
              <spirit:typeName>std_logic</spirit:typeName>
              <spirit:viewNameRef>xilinx_anylanguagesynthesis</spirit:viewNameRef>
              <spirit:viewNameRef>xilinx_anylanguagebehavioralsimulation</spirit:viewNameRef>
            </spirit:wireTypeDef>
          </spirit:wireTypeDefs>
        </spirit:wire>
      </spirit:port>
      <spirit:port>
        <spirit:name>ready</spirit:name>
        <spirit:wire>
          <spirit:direction>out</spirit:direction>
          <spirit:wireTypeDefs>
            <spirit:wireTypeDef>
              <spirit:typeName>std_logic</spirit:typeName>
              <spirit:viewNameRef>xilinx_anylanguagesynthesis</spirit:viewNameRef>
              <spirit:viewNameRef>xilinx_anylanguagebehavioralsimulation</spirit:viewNameRef>
            </spirit:wireTypeDef>
          </spirit:wireTypeDefs>
        </spirit:wire>
      </spirit:port>
      <spirit:port>
        <spirit:name>start</spirit:name>
        <spirit:wire>
          <spirit:direction>in</spirit:direction>
          <spirit:wireTypeDefs>
            <spirit:wireTypeDef>
              <spirit:typeName>std_logic</spirit:typeName>
              <spirit:viewNameRef>xilinx_anylanguagesynthesis</spirit:viewNameRef>
              <spirit:viewNameRef>xilinx_anylanguagebehavioralsimulation</spirit:viewNameRef>
            </spirit:wireTypeDef>
          </spirit:wireTypeDefs>
        </spirit:wire>
      </spirit:port>
      <spirit:port>
        <spirit:name>finished</spirit:name>
        <spirit:wire>
          <spirit:direction>out</spirit:direction>
          <spirit:wireTypeDefs>
            <spirit:wireTypeDef>
              <spirit:typeName>std_logic</spirit:typeName>
              <spirit:viewNameRef>xilinx_anylanguagesynthesis</spirit:viewNameRef>
              <spirit:viewNameRef>xilinx_anylanguagebehavioralsimulation</spirit:viewNameRef>
            </spirit:wireTypeDef>
          </spirit:wireTypeDefs>
        </spirit:wire>
      </spirit:port>
      <spirit:port>
        <spirit:name>c_real</spirit:name>
        <spirit:wire>
          <spirit:direction>in</spirit:direction>
          <spirit:vector>
            <spirit:left spirit:format="long" spirit:resolve="dependent" spirit:dependency="(spirit:decode(id(&apos;MODELPARAM_VALUE.SIZE&apos;)) - 1)">17</spirit:left>
            <spirit:right spirit:format="long">0</spirit:right>
          </spirit:vector>
          <spirit:wireTypeDefs>
            <spirit:wireTypeDef>
              <spirit:typeName>std_logic_vector</spirit:typeName>
              <spirit:viewNameRef>xilinx_anylanguagesynthesis</spirit:viewNameRef>
              <spirit:viewNameRef>xilinx_anylanguagebehavioralsimulation</spirit:viewNameRef>
            </spirit:wireTypeDef>
          </spirit:wireTypeDefs>
        </spirit:wire>
      </spirit:port>
      <spirit:port>
        <spirit:name>c_imaginary</spirit:name>
        <spirit:wire>
          <spirit:direction>in</spirit:direction>
          <spirit:vector>
            <spirit:left spirit:format="long" spirit:resolve="dependent" spirit:dependency="(spirit:decode(id(&apos;MODELPARAM_VALUE.SIZE&apos;)) - 1)">17</spirit:left>
            <spirit:right spirit:format="long">0</spirit:right>
          </spirit:vector>
          <spirit:wireTypeDefs>
            <spirit:wireTypeDef>
              <spirit:typeName>std_logic_vector</spirit:typeName>
              <spirit:viewNameRef>xilinx_anylanguagesynthesis</spirit:viewNameRef>
              <spirit:viewNameRef>xilinx_anylanguagebehavioralsimulation</spirit:viewNameRef>
            </spirit:wireTypeDef>
          </spirit:wireTypeDefs>
        </spirit:wire>
      </spirit:port>
      <spirit:port>
        <spirit:name>z_real</spirit:name>
        <spirit:wire>
          <spirit:direction>out</spirit:direction>
          <spirit:vector>
            <spirit:left spirit:format="long" spirit:resolve="dependent" spirit:dependency="(spirit:decode(id(&apos;MODELPARAM_VALUE.SIZE&apos;)) - 1)">17</spirit:left>
            <spirit:right spirit:format="long">0</spirit:right>
          </spirit:vector>
          <spirit:wireTypeDefs>
            <spirit:wireTypeDef>
              <spirit:typeName>std_logic_vector</spirit:typeName>
              <spirit:viewNameRef>xilinx_anylanguagesynthesis</spirit:viewNameRef>
              <spirit:viewNameRef>xilinx_anylanguagebehavioralsimulation</spirit:viewNameRef>
            </spirit:wireTypeDef>
          </spirit:wireTypeDefs>
        </spirit:wire>
      </spirit:port>
      <spirit:port>
        <spirit:name>z_imaginary</spirit:name>
        <spirit:wire>
          <spirit:direction>out</spirit:direction>
          <spirit:vector>
            <spirit:left spirit:format="long" spirit:resolve="dependent" spirit:dependency="(spirit:decode(id(&apos;MODELPARAM_VALUE.SIZE&apos;)) - 1)">17</spirit:left>
            <spirit:right spirit:format="long">0</spirit:right>
          </spirit:vector>
          <spirit:wireTypeDefs>
            <spirit:wireTypeDef>
              <spirit:typeName>std_logic_vector</spirit:typeName>
              <spirit:viewNameRef>xilinx_anylanguagesynthesis</spirit:viewNameRef>
              <spirit:viewNameRef>xilinx_anylanguagebehavioralsimulation</spirit:viewNameRef>
            </spirit:wireTypeDef>
          </spirit:wireTypeDefs>
        </spirit:wire>
      </spirit:port>
      <spirit:port>
        <spirit:name>iterations</spirit:name>
        <spirit:wire>
          <spirit:direction>out</spirit:direction>
          <spirit:vector>
            <spirit:left spirit:format="long" spirit:resolve="dependent" spirit:dependency="(spirit:decode(id(&apos;MODELPARAM_VALUE.SIZE&apos;)) - 1)">17</spirit:left>
            <spirit:right spirit:format="long">0</spirit:right>
          </spirit:vector>
          <spirit:wireTypeDefs>
            <spirit:wireTypeDef>
              <spirit:typeName>std_logic_vector</spirit:typeName>
              <spirit:viewNameRef>xilinx_anylanguagesynthesis</spirit:viewNameRef>
              <spirit:viewNameRef>xilinx_anylanguagebehavioralsimulation</spirit:viewNameRef>
            </spirit:wireTypeDef>
          </spirit:wireTypeDefs>
        </spirit:wire>
      </spirit:port>
    </spirit:ports>
    <spirit:modelParameters>
      <spirit:modelParameter xsi:type="spirit:nameValueTypeType" spirit:dataType="integer">
        <spirit:name>comma</spirit:name>
        <spirit:displayName>Comma</spirit:displayName>
        <spirit:value spirit:format="long" spirit:resolve="generated" spirit:id="MODELPARAM_VALUE.comma">14</spirit:value>
      </spirit:modelParameter>
      <spirit:modelParameter spirit:dataType="integer">
        <spirit:name>max_iter</spirit:name>
        <spirit:displayName>Max Iter</spirit:displayName>
        <spirit:value spirit:format="long" spirit:resolve="generated" spirit:id="MODELPARAM_VALUE.max_iter">127</spirit:value>
      </spirit:modelParameter>
      <spirit:modelParameter spirit:dataType="integer">
        <spirit:name>SIZE</spirit:name>
        <spirit:displayName>Size</spirit:displayName>
        <spirit:value spirit:format="long" spirit:resolve="generated" spirit:id="MODELPARAM_VALUE.SIZE">18</spirit:value>
      </spirit:modelParameter>
    </spirit:modelParameters>
  </spirit:model>
  <spirit:fileSets>
    <spirit:fileSet>
      <spirit:name>xilinx_anylanguagesynthesis_view_fileset</spirit:name>
      <spirit:file>
        <spirit:name>src/lpsc_mandelbot_iterator_ooc.xdc</spirit:name>
        <spirit:userFileType>xdc</spirit:userFileType>
        <spirit:userFileType>IMPORTED_FILE</spirit:userFileType>
        <spirit:userFileType>SCOPED_TO_REF_lpsc_mandelbot_iterator</spirit:userFileType>
        <spirit:userFileType>USED_IN_out_of_context</spirit:userFileType>
      </spirit:file>
      <spirit:file>
        <spirit:name>src/lpsc_mandelbot_iterator_c_addsub_0_0/lpsc_mandelbot_iterator_c_addsub_0_0.xci</spirit:name>
        <spirit:userFileType>xci</spirit:userFileType>
        <spirit:userFileType>IMPORTED_FILE</spirit:userFileType>
        <spirit:userFileType>CELL_NAME_lpsc_mandelbot_iterator_i/sub_pow2_ZI_ZR</spirit:userFileType>
      </spirit:file>
      <spirit:file>
        <spirit:name>src/lpsc_mandelbot_iterator_slice_sign_pow2_ZnI_0/lpsc_mandelbot_iterator_slice_sign_pow2_ZnI_0.xci</spirit:name>
        <spirit:userFileType>xci</spirit:userFileType>
        <spirit:userFileType>IMPORTED_FILE</spirit:userFileType>
        <spirit:userFileType>CELL_NAME_lpsc_mandelbot_iterator_i/slice_sign_pow2_ZnR</spirit:userFileType>
      </spirit:file>
      <spirit:file>
        <spirit:name>src/lpsc_mandelbot_iterator_slice_sign_mul_ZI_ZR_1/lpsc_mandelbot_iterator_slice_sign_mul_ZI_ZR_1.xci</spirit:name>
        <spirit:userFileType>xci</spirit:userFileType>
        <spirit:userFileType>IMPORTED_FILE</spirit:userFileType>
        <spirit:userFileType>CELL_NAME_lpsc_mandelbot_iterator_i/slice_sign_pow2_ZnI</spirit:userFileType>
      </spirit:file>
      <spirit:file>
        <spirit:name>src/lpsc_mandelbot_iterator_slice_sign_mul_ZI_ZR_0/lpsc_mandelbot_iterator_slice_sign_mul_ZI_ZR_0.xci</spirit:name>
        <spirit:userFileType>xci</spirit:userFileType>
        <spirit:userFileType>IMPORTED_FILE</spirit:userFileType>
        <spirit:userFileType>CELL_NAME_lpsc_mandelbot_iterator_i/slice_sign_pow2_ZR</spirit:userFileType>
      </spirit:file>
      <spirit:file>
        <spirit:name>src/lpsc_mandelbot_iterator_slice_sign_pow2_ZR_0/lpsc_mandelbot_iterator_slice_sign_pow2_ZR_0.xci</spirit:name>
        <spirit:userFileType>xci</spirit:userFileType>
        <spirit:userFileType>IMPORTED_FILE</spirit:userFileType>
        <spirit:userFileType>CELL_NAME_lpsc_mandelbot_iterator_i/slice_sign_pow2_ZI</spirit:userFileType>
      </spirit:file>
      <spirit:file>
        <spirit:name>src/lpsc_mandelbot_iterator_xlslice_0_1/lpsc_mandelbot_iterator_xlslice_0_1.xci</spirit:name>
        <spirit:userFileType>xci</spirit:userFileType>
        <spirit:userFileType>IMPORTED_FILE</spirit:userFileType>
        <spirit:userFileType>CELL_NAME_lpsc_mandelbot_iterator_i/slice_sign_mul_ZI_ZR</spirit:userFileType>
      </spirit:file>
      <spirit:file>
        <spirit:name>src/lpsc_mandelbot_iterator_slice_mul_ZI_ZR_2/lpsc_mandelbot_iterator_slice_mul_ZI_ZR_2.xci</spirit:name>
        <spirit:userFileType>xci</spirit:userFileType>
        <spirit:userFileType>IMPORTED_FILE</spirit:userFileType>
        <spirit:userFileType>CELL_NAME_lpsc_mandelbot_iterator_i/slice_pow2_ZnR</spirit:userFileType>
      </spirit:file>
      <spirit:file>
        <spirit:name>src/lpsc_mandelbot_iterator_slice_mul_ZI_ZR_1/lpsc_mandelbot_iterator_slice_mul_ZI_ZR_1.xci</spirit:name>
        <spirit:userFileType>xci</spirit:userFileType>
        <spirit:userFileType>IMPORTED_FILE</spirit:userFileType>
        <spirit:userFileType>CELL_NAME_lpsc_mandelbot_iterator_i/slice_pow2_ZnI</spirit:userFileType>
      </spirit:file>
      <spirit:file>
        <spirit:name>src/lpsc_mandelbot_iterator_slice_mul_ZI_ZR_0/lpsc_mandelbot_iterator_slice_mul_ZI_ZR_0.xci</spirit:name>
        <spirit:userFileType>xci</spirit:userFileType>
        <spirit:userFileType>IMPORTED_FILE</spirit:userFileType>
        <spirit:userFileType>CELL_NAME_lpsc_mandelbot_iterator_i/slice_pow2_ZR</spirit:userFileType>
      </spirit:file>
      <spirit:file>
        <spirit:name>src/lpsc_mandelbot_iterator_slice_pow2_ZR_1/lpsc_mandelbot_iterator_slice_pow2_ZR_1.xci</spirit:name>
        <spirit:userFileType>xci</spirit:userFileType>
        <spirit:userFileType>IMPORTED_FILE</spirit:userFileType>
        <spirit:userFileType>CELL_NAME_lpsc_mandelbot_iterator_i/slice_pow2_ZI</spirit:userFileType>
      </spirit:file>
      <spirit:file>
        <spirit:name>src/lpsc_mandelbot_iterator_slice_mul_2_ZR_0/lpsc_mandelbot_iterator_slice_mul_2_ZR_0.xci</spirit:name>
        <spirit:userFileType>xci</spirit:userFileType>
        <spirit:userFileType>IMPORTED_FILE</spirit:userFileType>
        <spirit:userFileType>CELL_NAME_lpsc_mandelbot_iterator_i/slice_mul_ZI_ZR</spirit:userFileType>
      </spirit:file>
      <spirit:file>
        <spirit:name>src/lpsc_mandelbot_iterator_mult_power2_ZnI_0/lpsc_mandelbot_iterator_mult_power2_ZnI_0.xci</spirit:name>
        <spirit:userFileType>xci</spirit:userFileType>
        <spirit:userFileType>IMPORTED_FILE</spirit:userFileType>
        <spirit:userFileType>CELL_NAME_lpsc_mandelbot_iterator_i/mult_power2_ZnR</spirit:userFileType>
      </spirit:file>
      <spirit:file>
        <spirit:name>src/lpsc_mandelbot_iterator_mult_power2_ZI_0/lpsc_mandelbot_iterator_mult_power2_ZI_0.xci</spirit:name>
        <spirit:userFileType>xci</spirit:userFileType>
        <spirit:userFileType>IMPORTED_FILE</spirit:userFileType>
        <spirit:userFileType>CELL_NAME_lpsc_mandelbot_iterator_i/mult_power2_ZnI</spirit:userFileType>
      </spirit:file>
      <spirit:file>
        <spirit:name>src/lpsc_mandelbot_iterator_mult_gen_0_2/lpsc_mandelbot_iterator_mult_gen_0_2.xci</spirit:name>
        <spirit:userFileType>xci</spirit:userFileType>
        <spirit:userFileType>IMPORTED_FILE</spirit:userFileType>
        <spirit:userFileType>CELL_NAME_lpsc_mandelbot_iterator_i/mult_power2_ZR</spirit:userFileType>
      </spirit:file>
      <spirit:file>
        <spirit:name>src/lpsc_mandelbot_iterator_mult_power2_ZR_0/lpsc_mandelbot_iterator_mult_power2_ZR_0.xci</spirit:name>
        <spirit:userFileType>xci</spirit:userFileType>
        <spirit:userFileType>IMPORTED_FILE</spirit:userFileType>
        <spirit:userFileType>CELL_NAME_lpsc_mandelbot_iterator_i/mult_power2_ZI</spirit:userFileType>
      </spirit:file>
      <spirit:file>
        <spirit:name>src/lpsc_mandelbot_iterator_mult_2_ZR_0/lpsc_mandelbot_iterator_mult_2_ZR_0.xci</spirit:name>
        <spirit:userFileType>xci</spirit:userFileType>
        <spirit:userFileType>IMPORTED_FILE</spirit:userFileType>
        <spirit:userFileType>CELL_NAME_lpsc_mandelbot_iterator_i/mult_ZI_ZR</spirit:userFileType>
      </spirit:file>
      <spirit:file>
        <spirit:name>src/lpsc_mandelbot_iterator_c_addsub_0_1/lpsc_mandelbot_iterator_c_addsub_0_1.xci</spirit:name>
        <spirit:userFileType>xci</spirit:userFileType>
        <spirit:userFileType>IMPORTED_FILE</spirit:userFileType>
        <spirit:userFileType>CELL_NAME_lpsc_mandelbot_iterator_i/final_add_real</spirit:userFileType>
      </spirit:file>
      <spirit:file>
        <spirit:name>src/lpsc_mandelbot_iterator_c_addsub_0_2/lpsc_mandelbot_iterator_c_addsub_0_2.xci</spirit:name>
        <spirit:userFileType>xci</spirit:userFileType>
        <spirit:userFileType>IMPORTED_FILE</spirit:userFileType>
        <spirit:userFileType>CELL_NAME_lpsc_mandelbot_iterator_i/final_add_imaginary</spirit:userFileType>
      </spirit:file>
      <spirit:file>
        <spirit:name>src/lpsc_mandelbot_iterator_concat_pow2_ZnI_0/lpsc_mandelbot_iterator_concat_pow2_ZnI_0.xci</spirit:name>
        <spirit:userFileType>xci</spirit:userFileType>
        <spirit:userFileType>IMPORTED_FILE</spirit:userFileType>
        <spirit:userFileType>CELL_NAME_lpsc_mandelbot_iterator_i/concat_pow2_ZnR</spirit:userFileType>
      </spirit:file>
      <spirit:file>
        <spirit:name>src/lpsc_mandelbot_iterator_concat_mul_ZI_ZR_2/lpsc_mandelbot_iterator_concat_mul_ZI_ZR_2.xci</spirit:name>
        <spirit:userFileType>xci</spirit:userFileType>
        <spirit:userFileType>IMPORTED_FILE</spirit:userFileType>
        <spirit:userFileType>CELL_NAME_lpsc_mandelbot_iterator_i/concat_pow2_ZnI</spirit:userFileType>
      </spirit:file>
      <spirit:file>
        <spirit:name>src/lpsc_mandelbot_iterator_concat_mul_ZI_ZR_0/lpsc_mandelbot_iterator_concat_mul_ZI_ZR_0.xci</spirit:name>
        <spirit:userFileType>xci</spirit:userFileType>
        <spirit:userFileType>IMPORTED_FILE</spirit:userFileType>
        <spirit:userFileType>CELL_NAME_lpsc_mandelbot_iterator_i/concat_pow2_ZR</spirit:userFileType>
      </spirit:file>
      <spirit:file>
        <spirit:name>src/lpsc_mandelbot_iterator_concat_mul_ZI_ZR_1/lpsc_mandelbot_iterator_concat_mul_ZI_ZR_1.xci</spirit:name>
        <spirit:userFileType>xci</spirit:userFileType>
        <spirit:userFileType>IMPORTED_FILE</spirit:userFileType>
        <spirit:userFileType>CELL_NAME_lpsc_mandelbot_iterator_i/concat_pow2_ZI</spirit:userFileType>
      </spirit:file>
      <spirit:file>
        <spirit:name>src/lpsc_mandelbot_iterator_xlconcat_0_0/lpsc_mandelbot_iterator_xlconcat_0_0.xci</spirit:name>
        <spirit:userFileType>xci</spirit:userFileType>
        <spirit:userFileType>IMPORTED_FILE</spirit:userFileType>
        <spirit:userFileType>CELL_NAME_lpsc_mandelbot_iterator_i/concat_mul_ZI_ZR</spirit:userFileType>
      </spirit:file>
      <spirit:file>
        <spirit:name>src/lpsc_mandelbot_iterator_add_ZI_mul_ZR_0/lpsc_mandelbot_iterator_add_ZI_mul_ZR_0.xci</spirit:name>
        <spirit:userFileType>xci</spirit:userFileType>
        <spirit:userFileType>IMPORTED_FILE</spirit:userFileType>
        <spirit:userFileType>CELL_NAME_lpsc_mandelbot_iterator_i/add_ZnI_mul_ZnR</spirit:userFileType>
      </spirit:file>
      <spirit:file>
        <spirit:name>src/lpsc_mandelbot_iterator_final_add_imaginary_0/lpsc_mandelbot_iterator_final_add_imaginary_0.xci</spirit:name>
        <spirit:userFileType>xci</spirit:userFileType>
        <spirit:userFileType>IMPORTED_FILE</spirit:userFileType>
        <spirit:userFileType>CELL_NAME_lpsc_mandelbot_iterator_i/add_ZI_mul_ZR</spirit:userFileType>
      </spirit:file>
      <spirit:file>
        <spirit:name>src/lpsc_mandelbot_iterator_add_Iteration_Number1_0/lpsc_mandelbot_iterator_add_Iteration_Number1_0.xci</spirit:name>
        <spirit:userFileType>xci</spirit:userFileType>
        <spirit:userFileType>IMPORTED_FILE</spirit:userFileType>
        <spirit:userFileType>CELL_NAME_lpsc_mandelbot_iterator_i/add_Iteration_Number2</spirit:userFileType>
      </spirit:file>
      <spirit:file>
        <spirit:name>src/lpsc_mandelbot_iterator_add_Iteration_Number_0/lpsc_mandelbot_iterator_add_Iteration_Number_0.xci</spirit:name>
        <spirit:userFileType>xci</spirit:userFileType>
        <spirit:userFileType>IMPORTED_FILE</spirit:userFileType>
        <spirit:userFileType>CELL_NAME_lpsc_mandelbot_iterator_i/add_Iteration_Number1</spirit:userFileType>
      </spirit:file>
      <spirit:file>
        <spirit:name>src/lpsc_mandelbot_iterator_c_addsub_0_3/lpsc_mandelbot_iterator_c_addsub_0_3.xci</spirit:name>
        <spirit:userFileType>xci</spirit:userFileType>
        <spirit:userFileType>IMPORTED_FILE</spirit:userFileType>
        <spirit:userFileType>CELL_NAME_lpsc_mandelbot_iterator_i/add_Iteration_Number</spirit:userFileType>
      </spirit:file>
      <spirit:file>
        <spirit:name>src/work/lpsc_mandelbot_iterator.vhd</spirit:name>
        <spirit:fileType>vhdlSource</spirit:fileType>
        <spirit:userFileType>IMPORTED_FILE</spirit:userFileType>
        <spirit:logicalName>work</spirit:logicalName>
      </spirit:file>
      <spirit:file>
        <spirit:name>src/work/lpsc_mandelbrot_calculator.vhd</spirit:name>
        <spirit:fileType>vhdlSource</spirit:fileType>
        <spirit:userFileType>CHECKSUM_3d208fb8</spirit:userFileType>
        <spirit:userFileType>IMPORTED_FILE</spirit:userFileType>
        <spirit:logicalName>work</spirit:logicalName>
      </spirit:file>
    </spirit:fileSet>
    <spirit:fileSet>
      <spirit:name>xilinx_anylanguagesynthesis_xilinx_com_ip_c_addsub_12_0__ref_view_fileset</spirit:name>
      <spirit:vendorExtensions>
        <xilinx:subCoreRef>
          <xilinx:componentRef xilinx:vendor="xilinx.com" xilinx:library="ip" xilinx:name="c_addsub" xilinx:version="12.0">
            <xilinx:mode xilinx:name="create_mode"/>
          </xilinx:componentRef>
        </xilinx:subCoreRef>
      </spirit:vendorExtensions>
    </spirit:fileSet>
    <spirit:fileSet>
      <spirit:name>xilinx_anylanguagesynthesis_xilinx_com_ip_mult_gen_12_0__ref_view_fileset</spirit:name>
      <spirit:vendorExtensions>
        <xilinx:subCoreRef>
          <xilinx:componentRef xilinx:vendor="xilinx.com" xilinx:library="ip" xilinx:name="mult_gen" xilinx:version="12.0">
            <xilinx:mode xilinx:name="create_mode"/>
          </xilinx:componentRef>
        </xilinx:subCoreRef>
      </spirit:vendorExtensions>
    </spirit:fileSet>
    <spirit:fileSet>
      <spirit:name>xilinx_anylanguagesynthesis_xilinx_com_ip_xlslice_1_0__ref_view_fileset</spirit:name>
      <spirit:vendorExtensions>
        <xilinx:subCoreRef>
          <xilinx:componentRef xilinx:vendor="xilinx.com" xilinx:library="ip" xilinx:name="xlslice" xilinx:version="1.0">
            <xilinx:mode xilinx:name="create_mode"/>
          </xilinx:componentRef>
        </xilinx:subCoreRef>
      </spirit:vendorExtensions>
    </spirit:fileSet>
    <spirit:fileSet>
      <spirit:name>xilinx_anylanguagesynthesis_xilinx_com_ip_xlconcat_2_1__ref_view_fileset</spirit:name>
      <spirit:vendorExtensions>
        <xilinx:subCoreRef>
          <xilinx:componentRef xilinx:vendor="xilinx.com" xilinx:library="ip" xilinx:name="xlconcat" xilinx:version="2.1">
            <xilinx:mode xilinx:name="create_mode"/>
          </xilinx:componentRef>
        </xilinx:subCoreRef>
      </spirit:vendorExtensions>
    </spirit:fileSet>
    <spirit:fileSet>
      <spirit:name>xilinx_anylanguagebehavioralsimulation_view_fileset</spirit:name>
      <spirit:file>
        <spirit:name>src/work/lpsc_mandelbot_iterator_c_addsub_0_0.xci</spirit:name>
        <spirit:userFileType>xci</spirit:userFileType>
        <spirit:userFileType>IMPORTED_FILE</spirit:userFileType>
        <spirit:userFileType>CELL_NAME_sub_pow2_ZI_ZR</spirit:userFileType>
        <spirit:logicalName>work</spirit:logicalName>
      </spirit:file>
      <spirit:file>
        <spirit:name>src/work/lpsc_mandelbot_iterator_mult_gen_0_2.xci</spirit:name>
        <spirit:userFileType>xci</spirit:userFileType>
        <spirit:userFileType>IMPORTED_FILE</spirit:userFileType>
        <spirit:userFileType>CELL_NAME_mult_power2_ZR</spirit:userFileType>
        <spirit:logicalName>work</spirit:logicalName>
      </spirit:file>
      <spirit:file>
        <spirit:name>src/work/lpsc_mandelbot_iterator_mult_power2_ZR_0.xci</spirit:name>
        <spirit:userFileType>xci</spirit:userFileType>
        <spirit:userFileType>IMPORTED_FILE</spirit:userFileType>
        <spirit:userFileType>CELL_NAME_mult_power2_ZI</spirit:userFileType>
        <spirit:logicalName>work</spirit:logicalName>
      </spirit:file>
      <spirit:file>
        <spirit:name>src/work/lpsc_mandelbot_iterator_c_addsub_0_1.xci</spirit:name>
        <spirit:userFileType>xci</spirit:userFileType>
        <spirit:userFileType>IMPORTED_FILE</spirit:userFileType>
        <spirit:userFileType>CELL_NAME_final_add_real</spirit:userFileType>
        <spirit:logicalName>work</spirit:logicalName>
      </spirit:file>
      <spirit:file>
        <spirit:name>src/work/lpsc_mandelbot_iterator_mult_2_ZR_0.xci</spirit:name>
        <spirit:userFileType>xci</spirit:userFileType>
        <spirit:userFileType>IMPORTED_FILE</spirit:userFileType>
        <spirit:userFileType>CELL_NAME_mult_ZI_ZR</spirit:userFileType>
        <spirit:logicalName>work</spirit:logicalName>
      </spirit:file>
      <spirit:file>
        <spirit:name>src/work/lpsc_mandelbot_iterator_slice_mul_2_ZR_0.xci</spirit:name>
        <spirit:userFileType>xci</spirit:userFileType>
        <spirit:userFileType>IMPORTED_FILE</spirit:userFileType>
        <spirit:userFileType>CELL_NAME_slice_mul_ZI_ZR</spirit:userFileType>
        <spirit:logicalName>work</spirit:logicalName>
      </spirit:file>
      <spirit:file>
        <spirit:name>src/work/lpsc_mandelbot_iterator_c_addsub_0_2.xci</spirit:name>
        <spirit:userFileType>xci</spirit:userFileType>
        <spirit:userFileType>IMPORTED_FILE</spirit:userFileType>
        <spirit:userFileType>CELL_NAME_final_add_imaginary</spirit:userFileType>
        <spirit:logicalName>work</spirit:logicalName>
      </spirit:file>
      <spirit:file>
        <spirit:name>src/work/lpsc_mandelbot_iterator_final_add_imaginary_0.xci</spirit:name>
        <spirit:userFileType>xci</spirit:userFileType>
        <spirit:userFileType>IMPORTED_FILE</spirit:userFileType>
        <spirit:userFileType>CELL_NAME_add_ZI_mul_ZR</spirit:userFileType>
        <spirit:logicalName>work</spirit:logicalName>
      </spirit:file>
      <spirit:file>
        <spirit:name>src/work/lpsc_mandelbot_iterator_c_addsub_0_3.xci</spirit:name>
        <spirit:userFileType>xci</spirit:userFileType>
        <spirit:userFileType>IMPORTED_FILE</spirit:userFileType>
        <spirit:userFileType>CELL_NAME_add_Iteration_Number</spirit:userFileType>
        <spirit:logicalName>work</spirit:logicalName>
      </spirit:file>
      <spirit:file>
        <spirit:name>src/work/lpsc_mandelbot_iterator_mult_power2_ZI_0.xci</spirit:name>
        <spirit:userFileType>xci</spirit:userFileType>
        <spirit:userFileType>IMPORTED_FILE</spirit:userFileType>
        <spirit:userFileType>CELL_NAME_mult_power2_ZnI</spirit:userFileType>
        <spirit:logicalName>work</spirit:logicalName>
      </spirit:file>
      <spirit:file>
        <spirit:name>src/work/lpsc_mandelbot_iterator_mult_power2_ZnI_0.xci</spirit:name>
        <spirit:userFileType>xci</spirit:userFileType>
        <spirit:userFileType>IMPORTED_FILE</spirit:userFileType>
        <spirit:userFileType>CELL_NAME_mult_power2_ZnR</spirit:userFileType>
        <spirit:logicalName>work</spirit:logicalName>
      </spirit:file>
      <spirit:file>
        <spirit:name>src/work/lpsc_mandelbot_iterator_add_ZI_mul_ZR_0.xci</spirit:name>
        <spirit:userFileType>xci</spirit:userFileType>
        <spirit:userFileType>IMPORTED_FILE</spirit:userFileType>
        <spirit:userFileType>CELL_NAME_add_ZnI_mul_ZnR</spirit:userFileType>
        <spirit:logicalName>work</spirit:logicalName>
      </spirit:file>
      <spirit:file>
        <spirit:name>src/work/lpsc_mandelbot_iterator_add_Iteration_Number_0.xci</spirit:name>
        <spirit:userFileType>xci</spirit:userFileType>
        <spirit:userFileType>IMPORTED_FILE</spirit:userFileType>
        <spirit:userFileType>CELL_NAME_add_Iteration_Number1</spirit:userFileType>
        <spirit:logicalName>work</spirit:logicalName>
      </spirit:file>
      <spirit:file>
        <spirit:name>src/work/lpsc_mandelbot_iterator_add_Iteration_Number1_0.xci</spirit:name>
        <spirit:userFileType>xci</spirit:userFileType>
        <spirit:userFileType>IMPORTED_FILE</spirit:userFileType>
        <spirit:userFileType>CELL_NAME_add_Iteration_Number2</spirit:userFileType>
        <spirit:logicalName>work</spirit:logicalName>
      </spirit:file>
      <spirit:file>
        <spirit:name>src/work/lpsc_mandelbot_iterator_xlconcat_0_0.xci</spirit:name>
        <spirit:userFileType>xci</spirit:userFileType>
        <spirit:userFileType>IMPORTED_FILE</spirit:userFileType>
        <spirit:userFileType>CELL_NAME_concat_mul_ZI_ZR</spirit:userFileType>
        <spirit:logicalName>work</spirit:logicalName>
      </spirit:file>
      <spirit:file>
        <spirit:name>src/work/lpsc_mandelbot_iterator_xlslice_0_1.xci</spirit:name>
        <spirit:userFileType>xci</spirit:userFileType>
        <spirit:userFileType>IMPORTED_FILE</spirit:userFileType>
        <spirit:userFileType>CELL_NAME_slice_sign_mul_ZI_ZR</spirit:userFileType>
        <spirit:logicalName>work</spirit:logicalName>
      </spirit:file>
      <spirit:file>
        <spirit:name>src/work/lpsc_mandelbot_iterator_concat_mul_ZI_ZR_0.xci</spirit:name>
        <spirit:userFileType>xci</spirit:userFileType>
        <spirit:userFileType>IMPORTED_FILE</spirit:userFileType>
        <spirit:userFileType>CELL_NAME_concat_pow2_ZR</spirit:userFileType>
        <spirit:logicalName>work</spirit:logicalName>
      </spirit:file>
      <spirit:file>
        <spirit:name>src/work/lpsc_mandelbot_iterator_concat_mul_ZI_ZR_1.xci</spirit:name>
        <spirit:userFileType>xci</spirit:userFileType>
        <spirit:userFileType>IMPORTED_FILE</spirit:userFileType>
        <spirit:userFileType>CELL_NAME_concat_pow2_ZI</spirit:userFileType>
        <spirit:logicalName>work</spirit:logicalName>
      </spirit:file>
      <spirit:file>
        <spirit:name>src/work/lpsc_mandelbot_iterator_slice_sign_mul_ZI_ZR_0.xci</spirit:name>
        <spirit:userFileType>xci</spirit:userFileType>
        <spirit:userFileType>IMPORTED_FILE</spirit:userFileType>
        <spirit:userFileType>CELL_NAME_slice_sign_pow2_ZR</spirit:userFileType>
        <spirit:logicalName>work</spirit:logicalName>
      </spirit:file>
      <spirit:file>
        <spirit:name>src/work/lpsc_mandelbot_iterator_slice_sign_pow2_ZR_0.xci</spirit:name>
        <spirit:userFileType>xci</spirit:userFileType>
        <spirit:userFileType>IMPORTED_FILE</spirit:userFileType>
        <spirit:userFileType>CELL_NAME_slice_sign_pow2_ZI</spirit:userFileType>
        <spirit:logicalName>work</spirit:logicalName>
      </spirit:file>
      <spirit:file>
        <spirit:name>src/work/lpsc_mandelbot_iterator_slice_mul_ZI_ZR_0.xci</spirit:name>
        <spirit:userFileType>xci</spirit:userFileType>
        <spirit:userFileType>IMPORTED_FILE</spirit:userFileType>
        <spirit:userFileType>CELL_NAME_slice_pow2_ZR</spirit:userFileType>
        <spirit:logicalName>work</spirit:logicalName>
      </spirit:file>
      <spirit:file>
        <spirit:name>src/work/lpsc_mandelbot_iterator_slice_pow2_ZR_1.xci</spirit:name>
        <spirit:userFileType>xci</spirit:userFileType>
        <spirit:userFileType>IMPORTED_FILE</spirit:userFileType>
        <spirit:userFileType>CELL_NAME_slice_pow2_ZI</spirit:userFileType>
        <spirit:logicalName>work</spirit:logicalName>
      </spirit:file>
      <spirit:file>
        <spirit:name>src/work/lpsc_mandelbot_iterator_slice_sign_mul_ZI_ZR_1.xci</spirit:name>
        <spirit:userFileType>xci</spirit:userFileType>
        <spirit:userFileType>IMPORTED_FILE</spirit:userFileType>
        <spirit:userFileType>CELL_NAME_slice_sign_pow2_ZnI</spirit:userFileType>
        <spirit:logicalName>work</spirit:logicalName>
      </spirit:file>
      <spirit:file>
        <spirit:name>src/work/lpsc_mandelbot_iterator_slice_sign_pow2_ZnI_0.xci</spirit:name>
        <spirit:userFileType>xci</spirit:userFileType>
        <spirit:userFileType>IMPORTED_FILE</spirit:userFileType>
        <spirit:userFileType>CELL_NAME_slice_sign_pow2_ZnR</spirit:userFileType>
        <spirit:logicalName>work</spirit:logicalName>
      </spirit:file>
      <spirit:file>
        <spirit:name>src/work/lpsc_mandelbot_iterator_slice_mul_ZI_ZR_1.xci</spirit:name>
        <spirit:userFileType>xci</spirit:userFileType>
        <spirit:userFileType>IMPORTED_FILE</spirit:userFileType>
        <spirit:userFileType>CELL_NAME_slice_pow2_ZnI</spirit:userFileType>
        <spirit:logicalName>work</spirit:logicalName>
      </spirit:file>
      <spirit:file>
        <spirit:name>src/work/lpsc_mandelbot_iterator_slice_mul_ZI_ZR_2.xci</spirit:name>
        <spirit:userFileType>xci</spirit:userFileType>
        <spirit:userFileType>IMPORTED_FILE</spirit:userFileType>
        <spirit:userFileType>CELL_NAME_slice_pow2_ZnR</spirit:userFileType>
        <spirit:logicalName>work</spirit:logicalName>
      </spirit:file>
      <spirit:file>
        <spirit:name>src/work/lpsc_mandelbot_iterator_concat_mul_ZI_ZR_2.xci</spirit:name>
        <spirit:userFileType>xci</spirit:userFileType>
        <spirit:userFileType>IMPORTED_FILE</spirit:userFileType>
        <spirit:userFileType>CELL_NAME_concat_pow2_ZnI</spirit:userFileType>
        <spirit:logicalName>work</spirit:logicalName>
      </spirit:file>
      <spirit:file>
        <spirit:name>src/work/lpsc_mandelbot_iterator_concat_pow2_ZnI_0.xci</spirit:name>
        <spirit:userFileType>xci</spirit:userFileType>
        <spirit:userFileType>IMPORTED_FILE</spirit:userFileType>
        <spirit:userFileType>CELL_NAME_concat_pow2_ZnR</spirit:userFileType>
        <spirit:logicalName>work</spirit:logicalName>
      </spirit:file>
      <spirit:file>
        <spirit:name>src/lpsc_mandelbot_iterator_c_addsub_0_0/lpsc_mandelbot_iterator_c_addsub_0_0.xci</spirit:name>
        <spirit:userFileType>xci</spirit:userFileType>
        <spirit:userFileType>IMPORTED_FILE</spirit:userFileType>
        <spirit:userFileType>CELL_NAME_lpsc_mandelbot_iterator_i/sub_pow2_ZI_ZR</spirit:userFileType>
      </spirit:file>
      <spirit:file>
        <spirit:name>src/lpsc_mandelbot_iterator_slice_sign_pow2_ZnI_0/lpsc_mandelbot_iterator_slice_sign_pow2_ZnI_0.xci</spirit:name>
        <spirit:userFileType>xci</spirit:userFileType>
        <spirit:userFileType>IMPORTED_FILE</spirit:userFileType>
        <spirit:userFileType>CELL_NAME_lpsc_mandelbot_iterator_i/slice_sign_pow2_ZnR</spirit:userFileType>
      </spirit:file>
      <spirit:file>
        <spirit:name>src/lpsc_mandelbot_iterator_slice_sign_mul_ZI_ZR_1/lpsc_mandelbot_iterator_slice_sign_mul_ZI_ZR_1.xci</spirit:name>
        <spirit:userFileType>xci</spirit:userFileType>
        <spirit:userFileType>IMPORTED_FILE</spirit:userFileType>
        <spirit:userFileType>CELL_NAME_lpsc_mandelbot_iterator_i/slice_sign_pow2_ZnI</spirit:userFileType>
      </spirit:file>
      <spirit:file>
        <spirit:name>src/lpsc_mandelbot_iterator_slice_sign_mul_ZI_ZR_0/lpsc_mandelbot_iterator_slice_sign_mul_ZI_ZR_0.xci</spirit:name>
        <spirit:userFileType>xci</spirit:userFileType>
        <spirit:userFileType>IMPORTED_FILE</spirit:userFileType>
        <spirit:userFileType>CELL_NAME_lpsc_mandelbot_iterator_i/slice_sign_pow2_ZR</spirit:userFileType>
      </spirit:file>
      <spirit:file>
        <spirit:name>src/lpsc_mandelbot_iterator_slice_sign_pow2_ZR_0/lpsc_mandelbot_iterator_slice_sign_pow2_ZR_0.xci</spirit:name>
        <spirit:userFileType>xci</spirit:userFileType>
        <spirit:userFileType>IMPORTED_FILE</spirit:userFileType>
        <spirit:userFileType>CELL_NAME_lpsc_mandelbot_iterator_i/slice_sign_pow2_ZI</spirit:userFileType>
      </spirit:file>
      <spirit:file>
        <spirit:name>src/lpsc_mandelbot_iterator_xlslice_0_1/lpsc_mandelbot_iterator_xlslice_0_1.xci</spirit:name>
        <spirit:userFileType>xci</spirit:userFileType>
        <spirit:userFileType>IMPORTED_FILE</spirit:userFileType>
        <spirit:userFileType>CELL_NAME_lpsc_mandelbot_iterator_i/slice_sign_mul_ZI_ZR</spirit:userFileType>
      </spirit:file>
      <spirit:file>
        <spirit:name>src/lpsc_mandelbot_iterator_slice_mul_ZI_ZR_2/lpsc_mandelbot_iterator_slice_mul_ZI_ZR_2.xci</spirit:name>
        <spirit:userFileType>xci</spirit:userFileType>
        <spirit:userFileType>IMPORTED_FILE</spirit:userFileType>
        <spirit:userFileType>CELL_NAME_lpsc_mandelbot_iterator_i/slice_pow2_ZnR</spirit:userFileType>
      </spirit:file>
      <spirit:file>
        <spirit:name>src/lpsc_mandelbot_iterator_slice_mul_ZI_ZR_1/lpsc_mandelbot_iterator_slice_mul_ZI_ZR_1.xci</spirit:name>
        <spirit:userFileType>xci</spirit:userFileType>
        <spirit:userFileType>IMPORTED_FILE</spirit:userFileType>
        <spirit:userFileType>CELL_NAME_lpsc_mandelbot_iterator_i/slice_pow2_ZnI</spirit:userFileType>
      </spirit:file>
      <spirit:file>
        <spirit:name>src/lpsc_mandelbot_iterator_slice_mul_ZI_ZR_0/lpsc_mandelbot_iterator_slice_mul_ZI_ZR_0.xci</spirit:name>
        <spirit:userFileType>xci</spirit:userFileType>
        <spirit:userFileType>IMPORTED_FILE</spirit:userFileType>
        <spirit:userFileType>CELL_NAME_lpsc_mandelbot_iterator_i/slice_pow2_ZR</spirit:userFileType>
      </spirit:file>
      <spirit:file>
        <spirit:name>src/lpsc_mandelbot_iterator_slice_pow2_ZR_1/lpsc_mandelbot_iterator_slice_pow2_ZR_1.xci</spirit:name>
        <spirit:userFileType>xci</spirit:userFileType>
        <spirit:userFileType>IMPORTED_FILE</spirit:userFileType>
        <spirit:userFileType>CELL_NAME_lpsc_mandelbot_iterator_i/slice_pow2_ZI</spirit:userFileType>
      </spirit:file>
      <spirit:file>
        <spirit:name>src/lpsc_mandelbot_iterator_slice_mul_2_ZR_0/lpsc_mandelbot_iterator_slice_mul_2_ZR_0.xci</spirit:name>
        <spirit:userFileType>xci</spirit:userFileType>
        <spirit:userFileType>IMPORTED_FILE</spirit:userFileType>
        <spirit:userFileType>CELL_NAME_lpsc_mandelbot_iterator_i/slice_mul_ZI_ZR</spirit:userFileType>
      </spirit:file>
      <spirit:file>
        <spirit:name>src/lpsc_mandelbot_iterator_mult_power2_ZnI_0/lpsc_mandelbot_iterator_mult_power2_ZnI_0.xci</spirit:name>
        <spirit:userFileType>xci</spirit:userFileType>
        <spirit:userFileType>IMPORTED_FILE</spirit:userFileType>
        <spirit:userFileType>CELL_NAME_lpsc_mandelbot_iterator_i/mult_power2_ZnR</spirit:userFileType>
      </spirit:file>
      <spirit:file>
        <spirit:name>src/lpsc_mandelbot_iterator_mult_power2_ZI_0/lpsc_mandelbot_iterator_mult_power2_ZI_0.xci</spirit:name>
        <spirit:userFileType>xci</spirit:userFileType>
        <spirit:userFileType>IMPORTED_FILE</spirit:userFileType>
        <spirit:userFileType>CELL_NAME_lpsc_mandelbot_iterator_i/mult_power2_ZnI</spirit:userFileType>
      </spirit:file>
      <spirit:file>
        <spirit:name>src/lpsc_mandelbot_iterator_mult_gen_0_2/lpsc_mandelbot_iterator_mult_gen_0_2.xci</spirit:name>
        <spirit:userFileType>xci</spirit:userFileType>
        <spirit:userFileType>IMPORTED_FILE</spirit:userFileType>
        <spirit:userFileType>CELL_NAME_lpsc_mandelbot_iterator_i/mult_power2_ZR</spirit:userFileType>
      </spirit:file>
      <spirit:file>
        <spirit:name>src/lpsc_mandelbot_iterator_mult_power2_ZR_0/lpsc_mandelbot_iterator_mult_power2_ZR_0.xci</spirit:name>
        <spirit:userFileType>xci</spirit:userFileType>
        <spirit:userFileType>IMPORTED_FILE</spirit:userFileType>
        <spirit:userFileType>CELL_NAME_lpsc_mandelbot_iterator_i/mult_power2_ZI</spirit:userFileType>
      </spirit:file>
      <spirit:file>
        <spirit:name>src/lpsc_mandelbot_iterator_mult_2_ZR_0/lpsc_mandelbot_iterator_mult_2_ZR_0.xci</spirit:name>
        <spirit:userFileType>xci</spirit:userFileType>
        <spirit:userFileType>IMPORTED_FILE</spirit:userFileType>
        <spirit:userFileType>CELL_NAME_lpsc_mandelbot_iterator_i/mult_ZI_ZR</spirit:userFileType>
      </spirit:file>
      <spirit:file>
        <spirit:name>src/lpsc_mandelbot_iterator_c_addsub_0_1/lpsc_mandelbot_iterator_c_addsub_0_1.xci</spirit:name>
        <spirit:userFileType>xci</spirit:userFileType>
        <spirit:userFileType>IMPORTED_FILE</spirit:userFileType>
        <spirit:userFileType>CELL_NAME_lpsc_mandelbot_iterator_i/final_add_real</spirit:userFileType>
      </spirit:file>
      <spirit:file>
        <spirit:name>src/lpsc_mandelbot_iterator_c_addsub_0_2/lpsc_mandelbot_iterator_c_addsub_0_2.xci</spirit:name>
        <spirit:userFileType>xci</spirit:userFileType>
        <spirit:userFileType>IMPORTED_FILE</spirit:userFileType>
        <spirit:userFileType>CELL_NAME_lpsc_mandelbot_iterator_i/final_add_imaginary</spirit:userFileType>
      </spirit:file>
      <spirit:file>
        <spirit:name>src/lpsc_mandelbot_iterator_concat_pow2_ZnI_0/lpsc_mandelbot_iterator_concat_pow2_ZnI_0.xci</spirit:name>
        <spirit:userFileType>xci</spirit:userFileType>
        <spirit:userFileType>IMPORTED_FILE</spirit:userFileType>
        <spirit:userFileType>CELL_NAME_lpsc_mandelbot_iterator_i/concat_pow2_ZnR</spirit:userFileType>
      </spirit:file>
      <spirit:file>
        <spirit:name>src/lpsc_mandelbot_iterator_concat_mul_ZI_ZR_2/lpsc_mandelbot_iterator_concat_mul_ZI_ZR_2.xci</spirit:name>
        <spirit:userFileType>xci</spirit:userFileType>
        <spirit:userFileType>IMPORTED_FILE</spirit:userFileType>
        <spirit:userFileType>CELL_NAME_lpsc_mandelbot_iterator_i/concat_pow2_ZnI</spirit:userFileType>
      </spirit:file>
      <spirit:file>
        <spirit:name>src/lpsc_mandelbot_iterator_concat_mul_ZI_ZR_0/lpsc_mandelbot_iterator_concat_mul_ZI_ZR_0.xci</spirit:name>
        <spirit:userFileType>xci</spirit:userFileType>
        <spirit:userFileType>IMPORTED_FILE</spirit:userFileType>
        <spirit:userFileType>CELL_NAME_lpsc_mandelbot_iterator_i/concat_pow2_ZR</spirit:userFileType>
      </spirit:file>
      <spirit:file>
        <spirit:name>src/lpsc_mandelbot_iterator_concat_mul_ZI_ZR_1/lpsc_mandelbot_iterator_concat_mul_ZI_ZR_1.xci</spirit:name>
        <spirit:userFileType>xci</spirit:userFileType>
        <spirit:userFileType>IMPORTED_FILE</spirit:userFileType>
        <spirit:userFileType>CELL_NAME_lpsc_mandelbot_iterator_i/concat_pow2_ZI</spirit:userFileType>
      </spirit:file>
      <spirit:file>
        <spirit:name>src/lpsc_mandelbot_iterator_xlconcat_0_0/lpsc_mandelbot_iterator_xlconcat_0_0.xci</spirit:name>
        <spirit:userFileType>xci</spirit:userFileType>
        <spirit:userFileType>IMPORTED_FILE</spirit:userFileType>
        <spirit:userFileType>CELL_NAME_lpsc_mandelbot_iterator_i/concat_mul_ZI_ZR</spirit:userFileType>
      </spirit:file>
      <spirit:file>
        <spirit:name>src/lpsc_mandelbot_iterator_add_ZI_mul_ZR_0/lpsc_mandelbot_iterator_add_ZI_mul_ZR_0.xci</spirit:name>
        <spirit:userFileType>xci</spirit:userFileType>
        <spirit:userFileType>IMPORTED_FILE</spirit:userFileType>
        <spirit:userFileType>CELL_NAME_lpsc_mandelbot_iterator_i/add_ZnI_mul_ZnR</spirit:userFileType>
      </spirit:file>
      <spirit:file>
        <spirit:name>src/lpsc_mandelbot_iterator_final_add_imaginary_0/lpsc_mandelbot_iterator_final_add_imaginary_0.xci</spirit:name>
        <spirit:userFileType>xci</spirit:userFileType>
        <spirit:userFileType>IMPORTED_FILE</spirit:userFileType>
        <spirit:userFileType>CELL_NAME_lpsc_mandelbot_iterator_i/add_ZI_mul_ZR</spirit:userFileType>
      </spirit:file>
      <spirit:file>
        <spirit:name>src/lpsc_mandelbot_iterator_add_Iteration_Number1_0/lpsc_mandelbot_iterator_add_Iteration_Number1_0.xci</spirit:name>
        <spirit:userFileType>xci</spirit:userFileType>
        <spirit:userFileType>IMPORTED_FILE</spirit:userFileType>
        <spirit:userFileType>CELL_NAME_lpsc_mandelbot_iterator_i/add_Iteration_Number2</spirit:userFileType>
      </spirit:file>
      <spirit:file>
        <spirit:name>src/lpsc_mandelbot_iterator_add_Iteration_Number_0/lpsc_mandelbot_iterator_add_Iteration_Number_0.xci</spirit:name>
        <spirit:userFileType>xci</spirit:userFileType>
        <spirit:userFileType>IMPORTED_FILE</spirit:userFileType>
        <spirit:userFileType>CELL_NAME_lpsc_mandelbot_iterator_i/add_Iteration_Number1</spirit:userFileType>
      </spirit:file>
      <spirit:file>
        <spirit:name>src/lpsc_mandelbot_iterator_c_addsub_0_3/lpsc_mandelbot_iterator_c_addsub_0_3.xci</spirit:name>
        <spirit:userFileType>xci</spirit:userFileType>
        <spirit:userFileType>IMPORTED_FILE</spirit:userFileType>
        <spirit:userFileType>CELL_NAME_lpsc_mandelbot_iterator_i/add_Iteration_Number</spirit:userFileType>
      </spirit:file>
      <spirit:file>
        <spirit:name>src/work/lpsc_mandelbrot_calculator.vhd</spirit:name>
        <spirit:fileType>vhdlSource</spirit:fileType>
        <spirit:userFileType>IMPORTED_FILE</spirit:userFileType>
      </spirit:file>
    </spirit:fileSet>
    <spirit:fileSet>
      <spirit:name>xilinx_anylanguagebehavioralsimulation_xilinx_com_ip_c_addsub_12_0__ref_view_fileset</spirit:name>
      <spirit:vendorExtensions>
        <xilinx:subCoreRef>
          <xilinx:componentRef xilinx:vendor="xilinx.com" xilinx:library="ip" xilinx:name="c_addsub" xilinx:version="12.0">
            <xilinx:mode xilinx:name="create_mode"/>
          </xilinx:componentRef>
        </xilinx:subCoreRef>
      </spirit:vendorExtensions>
    </spirit:fileSet>
    <spirit:fileSet>
      <spirit:name>xilinx_anylanguagebehavioralsimulation_xilinx_com_ip_mult_gen_12_0__ref_view_fileset</spirit:name>
      <spirit:vendorExtensions>
        <xilinx:subCoreRef>
          <xilinx:componentRef xilinx:vendor="xilinx.com" xilinx:library="ip" xilinx:name="mult_gen" xilinx:version="12.0">
            <xilinx:mode xilinx:name="create_mode"/>
          </xilinx:componentRef>
        </xilinx:subCoreRef>
      </spirit:vendorExtensions>
    </spirit:fileSet>
    <spirit:fileSet>
      <spirit:name>xilinx_anylanguagebehavioralsimulation_xilinx_com_ip_xlslice_1_0__ref_view_fileset</spirit:name>
      <spirit:vendorExtensions>
        <xilinx:subCoreRef>
          <xilinx:componentRef xilinx:vendor="xilinx.com" xilinx:library="ip" xilinx:name="xlslice" xilinx:version="1.0">
            <xilinx:mode xilinx:name="create_mode"/>
          </xilinx:componentRef>
        </xilinx:subCoreRef>
      </spirit:vendorExtensions>
    </spirit:fileSet>
    <spirit:fileSet>
      <spirit:name>xilinx_anylanguagebehavioralsimulation_xilinx_com_ip_xlconcat_2_1__ref_view_fileset</spirit:name>
      <spirit:vendorExtensions>
        <xilinx:subCoreRef>
          <xilinx:componentRef xilinx:vendor="xilinx.com" xilinx:library="ip" xilinx:name="xlconcat" xilinx:version="2.1">
            <xilinx:mode xilinx:name="create_mode"/>
          </xilinx:componentRef>
        </xilinx:subCoreRef>
      </spirit:vendorExtensions>
    </spirit:fileSet>
    <spirit:fileSet>
      <spirit:name>xilinx_testbench_view_fileset</spirit:name>
      <spirit:file>
        <spirit:name>src/work/tb_lpsc_mandelbrot_calculator.vhd</spirit:name>
        <spirit:fileType>vhdlSource</spirit:fileType>
        <spirit:userFileType>IMPORTED_FILE</spirit:userFileType>
        <spirit:userFileType>USED_IN_simulation</spirit:userFileType>
        <spirit:userFileType>USED_IN_testbench</spirit:userFileType>
        <spirit:logicalName>work</spirit:logicalName>
      </spirit:file>
    </spirit:fileSet>
    <spirit:fileSet>
      <spirit:name>xilinx_xpgui_view_fileset</spirit:name>
      <spirit:file>
        <spirit:name>xgui/lpsc_mandelbrot_calculator_v1_0.tcl</spirit:name>
        <spirit:fileType>tclSource</spirit:fileType>
        <spirit:userFileType>CHECKSUM_0eee7376</spirit:userFileType>
        <spirit:userFileType>XGUI_VERSION_2</spirit:userFileType>
      </spirit:file>
    </spirit:fileSet>
  </spirit:fileSets>
  <spirit:description>lpsc_mandelbrot_calculator_v1_0</spirit:description>
  <spirit:parameters>
    <spirit:parameter>
      <spirit:name>comma</spirit:name>
      <spirit:displayName>Comma</spirit:displayName>
      <spirit:value spirit:format="long" spirit:resolve="user" spirit:id="PARAM_VALUE.comma">14</spirit:value>
    </spirit:parameter>
    <spirit:parameter>
      <spirit:name>max_iter</spirit:name>
      <spirit:displayName>Max Iter</spirit:displayName>
      <spirit:value spirit:format="long" spirit:resolve="user" spirit:id="PARAM_VALUE.max_iter">127</spirit:value>
    </spirit:parameter>
    <spirit:parameter>
      <spirit:name>SIZE</spirit:name>
      <spirit:displayName>Size</spirit:displayName>
      <spirit:value spirit:format="long" spirit:resolve="user" spirit:id="PARAM_VALUE.SIZE">18</spirit:value>
    </spirit:parameter>
    <spirit:parameter>
      <spirit:name>Component_Name</spirit:name>
      <spirit:value spirit:resolve="user" spirit:id="PARAM_VALUE.Component_Name" spirit:order="1">lpsc_mandelbrot_calculator_v1_0</spirit:value>
    </spirit:parameter>
  </spirit:parameters>
  <spirit:vendorExtensions>
    <xilinx:coreExtensions>
      <xilinx:supportedFamilies>
        <xilinx:family xilinx:lifeCycle="Production">artix7</xilinx:family>
      </xilinx:supportedFamilies>
      <xilinx:taxonomies>
        <xilinx:taxonomy>/UserIP</xilinx:taxonomy>
      </xilinx:taxonomies>
      <xilinx:displayName>lpsc_mandelbrot_calculator_v1_0</xilinx:displayName>
      <xilinx:definitionSource>package_project</xilinx:definitionSource>
      <xilinx:coreRevision>2</xilinx:coreRevision>
      <xilinx:coreCreationDateTime>2022-05-14T18:26:54Z</xilinx:coreCreationDateTime>
      <xilinx:tags>
        <xilinx:tag xilinx:name="ui.data.coregen.df@57cbde03_ARCHIVE_LOCATION">/home/pierrick/LPSC_workspace/lpsc-mandelbrot/external_src/IPs</xilinx:tag>
        <xilinx:tag xilinx:name="ui.data.coregen.df@76f0bf56_ARCHIVE_LOCATION">/home/pierrick/LPSC_workspace/lpsc-mandelbrot/external_src/IPs</xilinx:tag>
        <xilinx:tag xilinx:name="ui.data.coregen.df@7e0c16dd_ARCHIVE_LOCATION">/home/pierrick/LPSC_workspace/lpsc-mandelbrot/external_src/IPs</xilinx:tag>
        <xilinx:tag xilinx:name="ui.data.coregen.df@4b1300c5_ARCHIVE_LOCATION">/home/pierrick/LPSC_workspace/lpsc-mandelbrot/external_src/IPs</xilinx:tag>
        <xilinx:tag xilinx:name="ui.data.coregen.df@7eb9c540_ARCHIVE_LOCATION">/home/pierrick/LPSC_workspace/lpsc-mandelbrot/external_src/IPs</xilinx:tag>
        <xilinx:tag xilinx:name="ui.data.coregen.df@52404340_ARCHIVE_LOCATION">/home/pierrick/LPSC_workspace/lpsc-mandelbrot/external_src/IPs</xilinx:tag>
        <xilinx:tag xilinx:name="ui.data.coregen.df@6f5b8022_ARCHIVE_LOCATION">/home/pierrick/LPSC_workspace/lpsc-mandelbrot/external_src/IPs</xilinx:tag>
        <xilinx:tag xilinx:name="ui.data.coregen.df@300c3b40_ARCHIVE_LOCATION">/home/pierrick/LPSC_workspace/lpsc-mandelbrot/external_src/IPs</xilinx:tag>
        <xilinx:tag xilinx:name="ui.data.coregen.df@5ca681c0_ARCHIVE_LOCATION">/home/pierrick/LPSC_workspace/lpsc-mandelbrot/external_src/IPs</xilinx:tag>
        <xilinx:tag xilinx:name="ui.data.coregen.df@654b8715_ARCHIVE_LOCATION">/home/pierrick/LPSC_workspace/lpsc-mandelbrot/external_src/IPs</xilinx:tag>
        <xilinx:tag xilinx:name="ui.data.coregen.df@16b225a7_ARCHIVE_LOCATION">/home/pierrick/LPSC_workspace/lpsc-mandelbrot/external_src/IPs</xilinx:tag>
        <xilinx:tag xilinx:name="ui.data.coregen.df@8c659d2_ARCHIVE_LOCATION">/home/pierrick/LPSC_workspace/lpsc-mandelbrot/external_src/IPs</xilinx:tag>
        <xilinx:tag xilinx:name="ui.data.coregen.df@3dd3a344_ARCHIVE_LOCATION">/home/pierrick/LPSC_workspace/lpsc-mandelbrot/external_src/IPs</xilinx:tag>
        <xilinx:tag xilinx:name="ui.data.coregen.df@596f7654_ARCHIVE_LOCATION">/home/pierrick/LPSC_workspace/lpsc-mandelbrot/external_src/IPs</xilinx:tag>
        <xilinx:tag xilinx:name="ui.data.coregen.df@47ac96_ARCHIVE_LOCATION">/home/pierrick/LPSC_workspace/lpsc-mandelbrot/external_src/IPs</xilinx:tag>
        <xilinx:tag xilinx:name="ui.data.coregen.df@5dc3d4c1_ARCHIVE_LOCATION">/home/pierrick/LPSC_workspace/lpsc-mandelbrot/external_src/IPs</xilinx:tag>
        <xilinx:tag xilinx:name="ui.data.coregen.df@75fd1025_ARCHIVE_LOCATION">/home/pierrick/LPSC_workspace/lpsc-mandelbrot/external_src/IPs</xilinx:tag>
        <xilinx:tag xilinx:name="ui.data.coregen.df@56b3aa3e_ARCHIVE_LOCATION">/home/pierrick/LPSC_workspace/lpsc-mandelbrot/external_src/IPs</xilinx:tag>
        <xilinx:tag xilinx:name="ui.data.coregen.df@337f3f60_ARCHIVE_LOCATION">/home/pierrick/LPSC_workspace/lpsc-mandelbrot/external_src/IPs</xilinx:tag>
        <xilinx:tag xilinx:name="ui.data.coregen.df@3483377_ARCHIVE_LOCATION">/home/pierrick/LPSC_workspace/lpsc-mandelbrot/external_src/IPs</xilinx:tag>
        <xilinx:tag xilinx:name="ui.data.coregen.df@115fb596_ARCHIVE_LOCATION">/home/pierrick/LPSC_workspace/lpsc-mandelbrot/external_src/IPs</xilinx:tag>
        <xilinx:tag xilinx:name="ui.data.coregen.df@5d0fd42f_ARCHIVE_LOCATION">/home/pierrick/LPSC_workspace/lpsc-mandelbrot/external_src/IPs</xilinx:tag>
        <xilinx:tag xilinx:name="ui.data.coregen.df@f477cfe_ARCHIVE_LOCATION">/home/pierrick/LPSC_workspace/lpsc-mandelbrot/external_src/IPs</xilinx:tag>
        <xilinx:tag xilinx:name="ui.data.coregen.df@3a193015_ARCHIVE_LOCATION">/home/pierrick/LPSC_workspace/lpsc-mandelbrot/external_src/IPs</xilinx:tag>
      </xilinx:tags>
    </xilinx:coreExtensions>
    <xilinx:packagingInfo>
      <xilinx:xilinxVersion>2021.2</xilinx:xilinxVersion>
      <xilinx:checksum xilinx:scope="busInterfaces" xilinx:value="5023dd19"/>
      <xilinx:checksum xilinx:scope="fileGroups" xilinx:value="94c4dd31"/>
      <xilinx:checksum xilinx:scope="ports" xilinx:value="c3aff7e1"/>
      <xilinx:checksum xilinx:scope="hdlParameters" xilinx:value="a5008bad"/>
      <xilinx:checksum xilinx:scope="parameters" xilinx:value="9ecee093"/>
    </xilinx:packagingInfo>
  </spirit:vendorExtensions>
</spirit:component>
